draw,date,weekday,no1,no2,no3,no4,no5,no6,special
02/053,2002-07-04,Thu,5,32,34,38,39,49,8
02/054,2002-07-06,Sat,10,20,21,33,40,44,34
02/055,2002-07-09,Tue,10,20,26,28,35,48,13
02/056,2002-07-11,Thu,14,19,23,36,44,46,7
02/057,2002-07-13,Sat,9,24,25,27,36,38,41
02/058,2002-07-16,Tue,7,13,14,20,29,32,28
02/059,2002-07-18,Thu,11,22,24,28,29,38,20
02/060,2002-07-20,Sat,1,11,29,33,36,44,37
02/061,2002-07-23,Tue,9,12,25,31,43,44,5
02/062,2002-07-25,Thu,1,5,6,31,39,46,44
02/063,2002-07-27,Sat,1,23,25,32,43,44,30
02/064,2002-07-30,Tue,6,22,25,26,27,45,36
02/065,2002-08-01,Thu,3,7,11,22,28,36,18
02/066,2002-08-03,Sat,9,10,11,15,19,28,37
02/067,2002-08-06,Tue,5,10,24,32,39,49,1
02/068,2002-08-08,Thu,5,15,26,27,28,35,2
02/069,2002-08-10,Sat,5,28,29,31,44,46,45
02/070,2002-08-13,Tue,7,14,26,32,41,49,12
02/071,2002-08-15,Thu,4,23,24,25,38,40,37
02/072,2002-08-17,Sat,10,17,36,43,45,47,33
02/073,2002-08-20,Tue,2,6,16,26,36,41,8
02/074,2002-08-22,Thu,1,3,8,25,43,46,21
02/075,2002-08-24,Sat,2,7,12,19,23,49,4
02/076,2002-08-27,Tue,22,24,28,33,36,39,41
02/077,2002-08-29,Thu,3,7,31,32,35,47,15
02/078,2002-08-31,Sat,3,4,23,25,31,44,35
02/079,2002-09-03,Tue,10,37,40,42,43,46,30
02/080,2002-09-05,Thu,15,22,34,40,41,47,10
02/081,2002-09-10,Tue,8,14,16,22,37,46,36
02/082,2002-09-12,Thu,11,23,32,33,43,48,2
02/083,2002-09-17,Tue,5,13,19,27,29,35,40
02/084,2002-09-20,Fri,15,19,25,34,38,44,5
02/085,2002-09-24,Tue,1,10,34,41,47,48,19
02/086,2002-09-26,Thu,10,12,15,17,34,42,29
02/087,2002-09-30,Mon,7,15,24,41,47,49,25
02/088,2002-10-03,Thu,6,10,11,32,35,46,22
02/089,2002-10-08,Tue,5,9,20,30,32,42,2
02/090,2002-10-10,Thu,5,9,18,25,47,48,17
02/091,2002-10-15,Tue,1,12,14,33,36,37,13
02/092,2002-10-17,Thu,5,7,16,37,42,44,38
02/093,2002-10-22,Tue,1,13,18,30,32,46,19
02/094,2002-10-24,Thu,8,12,19,22,29,41,1
02/095,2002-10-29,Tue,8,10,14,25,43,44,41
02/096,2002-10-31,Thu,2,3,8,22,27,28,45
02/097,2002-11-04,Mon,1,3,12,23,31,48,34
02/098,2002-11-07,Thu,6,7,29,32,42,46,1
02/099,2002-11-12,Tue,5,8,9,26,33,38,28
02/100,2002-11-14,Thu,2,6,14,25,45,49,42
02/101,2002-11-19,Tue,3,15,22,23,42,47,18
02/102,2002-11-21,Thu,4,16,18,25,29,41,21
02/103,2002-11-26,Tue,19,21,40,42,46,47,33
02/104,2002-11-28,Thu,17,19,26,31,37,43,38
02/105,2002-12-03,Tue,9,11,14,17,24,28,46
02/106,2002-12-05,Thu,11,21,27,31,37,44,1
02/107,2002-12-10,Tue,5,36,37,38,46,49,17
02/108,2002-12-12,Thu,7,15,16,23,31,35,8
02/109,2002-12-17,Tue,6,18,39,40,41,42,9
02/110,2002-12-20,Fri,13,18,23,24,26,33,15
02/111,2002-12-23,Mon,1,11,18,19,39,40,42
02/112,2002-12-27,Fri,10,14,22,34,40,43,4
02/113,2002-12-31,Tue,10,18,19,28,40,44,24
03/001,2003-01-02,Thu,5,6,16,23,26,27,46
03/002,2003-01-07,Tue,9,10,12,26,38,43,15
03/003,2003-01-09,Thu,8,17,21,22,23,49,24
03/004,2003-01-14,Tue,7,11,13,28,32,33,20
03/005,2003-01-16,Thu,2,34,36,39,40,42,29
03/006,2003-01-21,Tue,16,20,21,43,44,49,6
03/007,2003-01-23,Thu,6,14,23,27,36,38,49
03/008,2003-01-28,Tue,5,10,25,30,41,46,48
03/009,2003-01-30,Thu,4,5,6,7,8,28,23
03/010,2003-02-04,Tue,7,12,20,27,28,43,46
03/011,2003-02-06,Thu,4,11,18,26,31,46,16
03/012,2003-02-11,Tue,11,22,23,28,38,40,29
03/013,2003-02-13,Thu,4,8,12,24,39,40,18
03/014,2003-02-18,Tue,10,16,19,20,40,49,24
03/015,2003-02-20,Thu,1,13,16,24,41,48,35
03/016,2003-02-25,Tue,13,19,23,28,42,45,15
03/017,2003-02-27,Thu,4,9,12,21,25,34,36
03/018,2003-03-04,Tue,9,32,33,38,42,44,43
03/019,2003-03-06,Thu,15,20,35,40,45,48,30
03/020,2003-03-11,Tue,10,20,22,31,35,39,17
03/021,2003-03-13,Thu,2,3,20,21,43,49,32
03/022,2003-03-18,Tue,8,10,22,23,24,35,33
03/023,2003-03-20,Thu,13,14,21,23,39,42,36
03/024,2003-03-25,Tue,13,23,28,30,34,42,20
03/025,2003-03-27,Thu,9,21,22,26,37,48,35
03/026,2003-04-01,Tue,12,17,30,40,43,48,18
03/027,2003-04-03,Thu,21,29,32,38,41,43,7
03/028,2003-04-08,Tue,6,11,13,24,40,47,42
03/029,2003-04-10,Thu,7,11,13,23,31,33,28
03/030,2003-04-15,Tue,9,15,27,28,37,39,33
03/031,2003-04-17,Thu,12,18,26,34,38,45,43
03/032,2003-04-22,Tue,7,14,26,27,31,36,43
03/033,2003-04-24,Thu,11,14,17,20,42,47,27
03/034,2003-04-29,Tue,19,30,37,41,47,49,3
03/035,2003-05-02,Fri,3,8,10,19,31,35,36
03/036,2003-05-06,Tue,7,19,30,34,37,44,48
03/037,2003-05-09,Fri,11,20,23,29,32,33,35
03/038,2003-05-13,Tue,9,17,20,29,34,35,18
03/039,2003-05-15,Thu,8,29,31,32,36,38,12
03/040,2003-05-20,Tue,6,28,39,40,43,45,42
03/041,2003-05-22,Thu,8,14,17,23,28,43,26
03/042,2003-05-27,Tue,1,27,28,29,31,49,6
03/043,2003-05-29,Thu,13,16,19,31,39,47,29
03/044,2003-06-03,Tue,2,12,21,37,47,49,11
03/045,2003-06-05,Thu,9,27,30,33,44,48,37
03/046,2003-06-10,Tue,10,19,26,30,32,44,29
03/047,2003-06-12,Thu,3,14,27,31,38,44,26
03/048,2003-06-17,Tue,3,11,18,22,24,37,49
03/049,2003-06-19,Thu,3,4,10,24,26,47,12
03/050,2003-06-24,Tue,2,10,21,22,37,44,47
03/051,2003-06-26,Thu,7,9,26,29,37,40,11
03/052,2003-06-30,Mon,14,16,18,32,44,47,2
03/053,2003-07-03,Thu,5,6,12,20,39,47,38
03/054,2003-07-05,Sat,1,12,13,16,36,46,49
03/055,2003-07-08,Tue,1,6,15,21,23,33,30
03/056,2003-07-10,Thu,24,28,29,30,42,49,47
03/057,2003-07-12,Sat,14,17,28,31,37,43,39
03/058,2003-07-15,Tue,1,4,5,7,9,27,21
03/059,2003-07-17,Thu,12,16,21,24,30,39,7
03/060,2003-07-19,Sat,5,7,10,23,31,34,38
03/061,2003-07-22,Tue,2,6,9,14,17,29,22
03/062,2003-07-24,Thu,18,24,26,29,30,46,39
03/063,2003-07-26,Sat,12,14,25,30,34,35,23
03/064,2003-07-29,Tue,2,5,6,11,20,34,32
03/065,2003-07-31,Thu,5,15,17,18,24,47,7
03/066,2003-08-02,Sat,16,29,31,33,36,38,4
03/067,2003-08-05,Tue,2,22,39,41,42,45,26
03/068,2003-08-07,Thu,2,12,17,31,37,40,1
03/069,2003-08-09,Sat,16,17,26,28,40,42,44
03/070,2003-08-12,Tue,6,9,18,26,33,38,29
03/071,2003-08-14,Thu,2,11,17,18,20,27,10
03/072,2003-08-16,Sat,2,3,6,8,25,39,38
03/073,2003-08-19,Tue,13,16,20,30,36,47,24
03/074,2003-08-21,Thu,9,10,18,21,36,45,6
03/075,2003-08-23,Sat,8,14,31,33,36,42,34
03/076,2003-08-26,Tue,7,10,21,25,37,39,9
03/077,2003-08-28,Thu,5,6,27,28,36,41,47
03/078,2003-08-30,Sat,15,16,17,22,25,28,12
03/079,2003-09-04,Thu,1,4,17,26,38,44,11
03/080,2003-09-09,Tue,7,12,21,28,31,41,3
03/081,2003-09-12,Fri,1,5,21,28,35,41,38
03/082,2003-09-16,Tue,2,4,13,43,48,49,24
03/083,2003-09-18,Thu,4,5,14,18,28,31,24
03/084,2003-09-20,Sat,2,3,9,13,31,43,10
03/085,2003-09-23,Tue,2,13,20,22,39,49,41
03/086,2003-09-25,Thu,2,7,9,40,41,42,28
03/087,2003-09-30,Tue,10,18,24,27,28,38,21
03/088,2003-10-02,Thu,4,7,10,15,19,39,22
03/089,2003-10-04,Sat,8,23,31,33,41,47,38
03/090,2003-10-07,Tue,17,28,33,38,42,47,34
03/091,2003-10-09,Thu,19,23,31,40,44,47,3
03/092,2003-10-14,Tue,9,16,30,31,32,37,24
03/093,2003-10-16,Thu,6,27,36,38,43,49,40
03/094,2003-10-18,Sat,14,20,26,39,40,42,12
03/095,2003-10-21,Tue,24,25,35,41,44,47,38
03/096,2003-10-23,Thu,7,10,15,21,30,43,8
03/097,2003-10-28,Tue,7,21,25,42,47,49,1
03/098,2003-10-30,Thu,10,11,17,19,39,45,15
03/099,2003-11-01,Sat,4,8,12,15,23,33,36
03/100,2003-11-03,Mon,6,9,18,22,31,41,24
03/101,2003-11-06,Thu,5,6,14,27,28,49,42
03/102,2003-11-11,Tue,1,4,19,28,37,49,29
03/103,2003-11-14,Fri,25,28,29,37,44,48,43
03/104,2003-11-18,Tue,11,14,22,24,34,48,43
03/105,2003-11-20,Thu,18,25,31,34,35,37,5
03/106,2003-11-25,Tue,11,13,30,39,41,48,45
03/107,2003-11-27,Thu,7,10,15,38,45,49,22
03/108,2003-11-29,Sat,2,3,4,14,44,46,5
03/109,2003-12-02,Tue,8,12,18,23,41,48,19
03/110,2003-12-04,Thu,2,3,8,19,25,39,49
03/111,2003-12-09,Tue,10,15,20,31,35,48,14
03/112,2003-12-11,Thu,1,14,19,22,31,35,34
03/113,2003-12-13,Sat,6,13,22,29,33,42,11
03/114,2003-12-16,Tue,11,13,33,36,37,48,46
03/115,2003-12-18,Thu,23,24,31,33,42,44,27
03/116,2003-12-23,Tue,5,17,19,34,42,48,44
03/117,2003-12-30,Tue,1,22,36,38,39,47,27
04/001,2004-01-03,Sat,3,31,33,36,39,49,1
04/002,2004-01-06,Tue,7,14,17,22,29,43,36
04/003,2004-01-08,Thu,14,26,33,39,40,43,23
04/004,2004-01-13,Tue,30,34,39,43,48,49,6
04/005,2004-01-15,Thu,8,9,13,31,40,48,43
04/006,2004-01-17,Sat,3,5,19,26,32,49,1
04/007,2004-01-20,Tue,5,6,9,28,31,32,19
04/008,2004-01-27,Tue,10,13,18,29,40,41,4
04/009,2004-01-29,Thu,21,22,24,27,31,42,11
04/010,2004-01-31,Sat,1,29,30,32,41,46,8
04/011,2004-02-03,Tue,4,10,43,45,46,48,13
04/012,2004-02-05,Thu,12,22,29,35,43,48,38
04/013,2004-02-10,Tue,20,22,32,37,39,44,11
04/014,2004-02-12,Thu,9,17,21,22,31,32,4
04/015,2004-02-14,Sat,4,13,15,28,45,49,7
04/016,2004-02-17,Tue,7,15,20,28,38,41,37
04/017,2004-02-19,Thu,3,6,9,14,26,40,19
04/018,2004-02-21,Sat,7,22,24,25,40,41,1
04/019,2004-02-24,Tue,2,3,4,8,16,18,6
04/020,2004-02-26,Thu,1,9,14,39,45,48,3
04/021,2004-03-02,Tue,8,20,33,36,46,49,18
04/022,2004-03-04,Thu,1,19,20,34,42,43,15
04/023,2004-03-06,Sat,9,10,26,31,35,41,42
04/024,2004-03-09,Tue,10,21,26,30,31,42,48
04/025,2004-03-11,Thu,14,23,33,35,36,43,37
04/026,2004-03-16,Tue,7,10,18,23,37,39,17
04/027,2004-03-18,Thu,2,3,4,25,36,47,8
04/028,2004-03-20,Sat,6,21,28,36,44,49,32
04/029,2004-03-23,Tue,4,5,17,20,28,39,3
04/030,2004-03-25,Thu,7,10,13,21,22,23,35
04/031,2004-03-30,Tue,9,11,21,27,37,45,30
04/032,2004-04-02,Fri,11,12,13,22,26,31,10
04/033,2004-04-06,Tue,3,7,13,25,31,33,45
04/034,2004-04-08,Thu,1,7,13,32,37,48,26
04/035,2004-04-10,Sat,9,12,17,42,47,49,34
04/036,2004-04-13,Tue,1,23,24,30,47,49,42
04/037,2004-04-15,Thu,23,31,34,43,45,47,48
04/038,2004-04-20,Tue,6,9,12,19,22,25,17
04/039,2004-04-22,Thu,8,32,36,39,44,46,33
04/040,2004-04-24,Sat,24,30,39,43,44,48,23
04/041,2004-04-27,Tue,7,11,15,29,46,49,21
04/042,2004-04-29,Thu,4,19,26,30,31,34,37
04/043,2004-05-04,Tue,16,21,29,37,46,47,35
04/044,2004-05-06,Thu,8,28,33,36,38,47,2
04/045,2004-05-11,Tue,7,11,13,22,24,37,36
04/046,2004-05-13,Thu,9,13,21,37,40,48,12
04/047,2004-05-15,Sat,7,8,15,27,34,49,22
04/048,2004-05-18,Tue,10,21,23,30,43,49,3
04/049,2004-05-20,Thu,4,18,31,40,45,47,29
04/050,2004-05-25,Tue,14,23,27,37,40,45,39
04/051,2004-05-27,Thu,2,16,19,24,48,49,12
04/052,2004-05-29,Sat,3,10,20,27,40,46,9
04/053,2004-06-01,Tue,9,27,32,38,39,43,31
04/054,2004-06-03,Thu,13,33,37,40,41,47,48
04/055,2004-06-05,Sat,6,8,12,29,32,40,45
04/056,2004-06-08,Tue,7,18,28,29,37,49,12
04/057,2004-06-11,Fri,11,16,26,42,43,48,32
04/058,2004-06-15,Tue,3,7,13,20,36,48,47
04/059,2004-06-17,Thu,5,9,18,21,28,32,7
04/060,2004-06-19,Sat,28,34,38,41,46,48,36
04/061,2004-06-24,Thu,3,5,6,11,13,40,45
04/062,2004-06-26,Sat,7,21,23,29,33,44,9
04/063,2004-06-29,Tue,3,7,9,14,25,44,45
04/064,2004-07-01,Thu,11,25,32,33,37,42,31
04/065,2004-07-03,Sat,2,16,18,35,48,49,43
04/066,2004-07-06,Tue,9,22,37,40,42,48,26
04/067,2004-07-08,Thu,3,6,8,13,28,36,38
04/068,2004-07-10,Sat,1,6,7,12,36,42,34
04/069,2004-07-13,Tue,1,3,13,18,21,35,15
04/070,2004-07-15,Thu,6,30,31,37,38,43,24
04/071,2004-07-17,Sat,7,9,18,32,48,49,10
04/072,2004-07-20,Tue,6,8,12,21,32,43,25
04/073,2004-07-22,Thu,1,6,7,8,24,42,22
04/074,2004-07-24,Sat,10,18,22,34,36,37,15
04/075,2004-07-27,Tue,1,2,20,34,35,43,37
04/076,2004-07-29,Thu,1,16,26,31,35,36,38
04/077,2004-07-31,Sat,13,14,32,40,43,48,12
04/078,2004-08-03,Tue,7,14,27,29,37,49,9
04/079,2004-08-05,Thu,8,13,27,39,40,45,49
04/080,2004-08-07,Sat,8,16,27,39,40,48,14
04/081,2004-08-10,Tue,16,17,27,44,45,47,49
04/082,2004-08-12,Thu,19,21,22,34,48,49,42
04/083,2004-08-14,Sat,1,5,16,22,30,34,39
04/084,2004-08-17,Tue,27,29,30,39,40,42,47
04/085,2004-08-19,Thu,12,19,24,27,36,44,29
04/086,2004-08-21,Sat,14,23,26,28,36,37,40
04/087,2004-08-24,Tue,10,14,17,30,36,45,47
04/088,2004-08-26,Thu,2,9,19,30,36,37,41
04/089,2004-08-28,Sat,1,30,33,42,44,48,49
04/090,2004-08-31,Tue,5,16,17,18,23,27,10
04/091,2004-09-02,Thu,1,5,11,22,32,45,28
04/092,2004-09-04,Sat,15,17,18,21,28,37,40
04/093,2004-09-07,Tue,3,4,16,19,32,45,14
04/094,2004-09-10,Fri,20,23,27,38,40,47,33
04/095,2004-09-14,Tue,3,7,10,21,30,36,14
04/096,2004-09-16,Thu,11,12,18,20,27,42,16
04/097,2004-09-18,Sat,7,20,24,30,38,41,19
04/098,2004-09-21,Tue,1,3,30,33,35,42,12
04/099,2004-09-24,Fri,11,14,17,30,42,46,29
04/100,2004-09-26,Sun,7,15,17,28,40,41,10
04/101,2004-09-28,Tue,22,28,31,36,39,49,32
04/102,2004-09-30,Thu,12,13,14,20,23,28,22
04/103,2004-10-02,Sat,3,13,15,39,43,44,31
04/104,2004-10-05,Tue,4,12,14,22,46,48,23
04/105,2004-10-07,Thu,18,19,33,43,45,48,11
04/106,2004-10-10,Sun,4,16,24,26,32,39,6
04/107,2004-10-12,Tue,4,6,20,35,37,39,41
04/108,2004-10-14,Thu,7,17,27,29,30,34,36
04/109,2004-10-16,Sat,7,12,20,33,43,44,38
04/110,2004-10-19,Tue,5,17,21,27,31,41,6
04/111,2004-10-21,Thu,12,27,30,31,34,48,17
04/112,2004-10-24,Sun,11,15,24,25,26,33,42
04/113,2004-10-26,Tue,6,24,30,43,44,45,11
04/114,2004-10-28,Thu,1,12,26,27,36,49,21
04/115,2004-10-31,Sun,14,21,23,30,33,37,10
04/116,2004-11-04,Thu,7,18,19,25,42,45,41
04/117,2004-11-07,Sun,2,13,17,33,38,42,5
04/118,2004-11-09,Tue,2,5,12,21,30,31,6
04/119,2004-11-11,Thu,7,9,12,13,16,33,37
04/120,2004-11-13,Sat,7,9,22,38,39,49,48
04/121,2004-11-16,Tue,7,15,23,30,34,41,10
04/122,2004-11-18,Thu,3,11,12,13,26,28,31
04/123,2004-11-20,Sat,6,26,30,34,40,43,3
04/124,2004-11-23,Tue,10,15,16,21,25,38,24
04/125,2004-11-25,Thu,17,19,21,35,40,49,42
04/126,2004-11-27,Sat,9,21,28,30,34,44,10
04/127,2004-11-30,Tue,8,21,29,31,38,42,23
04/128,2004-12-02,Thu,3,9,10,27,31,36,26
04/129,2004-12-05,Sun,6,10,13,24,31,46,25
04/130,2004-12-07,Tue,16,25,26,42,44,48,20
04/131,2004-12-09,Thu,4,28,36,43,46,49,40
04/132,2004-12-11,Sat,3,9,31,36,37,45,19
04/133,2004-12-14,Tue,3,19,22,25,31,48,12
04/134,2004-12-17,Fri,6,11,14,26,46,47,40
04/135,2004-12-19,Sun,1,24,25,32,34,39,10
04/136,2004-12-21,Tue,2,20,36,45,48,49,21
04/137,2004-12-23,Thu,1,10,12,16,43,45,13
04/138,2004-12-25,Sat,2,15,28,30,37,41,31
04/139,2004-12-28,Tue,5,9,35,38,43,48,6
04/140,2004-12-30,Thu,17,20,28,34,38,47,14
05/001,2005-01-02,Sun,11,18,32,36,39,43,34
05/002,2005-01-04,Tue,4,5,6,8,20,38,35
05/003,2005-01-06,Thu,3,6,10,14,40,42,15
05/004,2005-01-09,Sun,10,30,38,42,45,49,27
05/005,2005-01-11,Tue,5,6,11,25,35,40,44
05/006,2005-01-13,Thu,16,24,27,30,42,46,17
05/007,2005-01-15,Sat,9,10,14,16,25,49,23
05/008,2005-01-18,Tue,5,13,18,20,21,26,11
05/009,2005-01-20,Thu,9,13,21,28,33,46,6
05/010,2005-01-22,Sat,5,7,13,19,35,46,24
05/011,2005-01-25,Tue,15,20,31,34,37,48,4
05/012,2005-01-27,Thu,3,6,7,15,26,35,40
05/013,2005-01-29,Sat,2,9,18,19,28,33,35
05/014,2005-02-01,Tue,9,18,23,33,44,49,29
05/015,2005-02-04,Fri,2,19,20,33,37,48,10
05/016,2005-02-07,Mon,9,21,36,38,43,49,23
05/017,2005-02-10,Thu,2,8,20,21,40,41,24
05/018,2005-02-12,Sat,11,13,16,19,25,32,26
05/019,2005-02-15,Tue,5,8,27,28,33,46,2
05/020,2005-02-17,Thu,8,13,16,42,45,47,33
05/021,2005-02-19,Sat,2,18,28,42,45,49,17
05/022,2005-02-22,Tue,2,16,20,32,35,41,24
05/023,2005-02-24,Thu,6,22,25,39,41,49,13
05/024,2005-02-26,Sat,1,16,36,41,42,44,18
05/025,2005-03-01,Tue,3,7,12,25,33,35,30
05/026,2005-03-03,Thu,2,5,25,31,40,43,22
05/027,2005-03-06,Sun,2,10,16,35,37,45,26
05/028,2005-03-08,Tue,4,8,17,39,47,48,1
05/029,2005-03-10,Thu,3,7,8,24,42,49,37
05/030,2005-03-12,Sat,3,6,8,11,28,31,19
05/031,2005-03-15,Tue,2,6,27,44,45,49,23
05/032,2005-03-18,Fri,2,22,25,30,44,48,46
05/033,2005-03-20,Sun,1,9,21,35,36,47,33
05/034,2005-03-22,Tue,2,9,10,13,15,24,19
05/035,2005-03-24,Thu,2,10,13,22,24,25,5
05/036,2005-03-27,Sun,2,5,10,14,29,37,3
05/037,2005-03-29,Tue,6,9,13,21,46,47,12
05/038,2005-03-31,Thu,2,12,14,38,39,43,48
05/039,2005-04-02,Sat,11,12,17,22,31,43,45
05/040,2005-04-05,Tue,10,15,25,29,34,37,13
05/041,2005-04-07,Thu,1,5,24,25,35,49,14
05/042,2005-04-10,Sun,3,5,14,40,46,49,6
05/043,2005-04-12,Tue,9,10,22,23,28,36,49
05/044,2005-04-14,Thu,12,17,33,43,45,47,10
05/045,2005-04-17,Sun,11,15,19,29,42,49,5
05/046,2005-04-19,Tue,4,9,22,30,33,35,13
05/047,2005-04-21,Thu,2,3,13,14,17,38,31
05/048,2005-04-23,Sat,3,9,27,31,38,45,34
05/049,2005-04-26,Tue,12,13,30,36,39,47,8
05/050,2005-04-28,Thu,2,8,22,36,38,40,5
05/051,2005-04-30,Sat,13,16,21,30,36,37,2
05/052,2005-05-03,Tue,2,8,16,25,33,37,1
05/053,2005-05-05,Thu,9,20,21,22,30,48,6
05/054,2005-05-08,Sun,7,9,10,21,39,49,41
05/055,2005-05-10,Tue,4,11,14,20,36,41,15
05/056,2005-05-12,Thu,2,14,16,23,35,38,47
05/057,2005-05-15,Sun,7,12,18,33,44,45,32
05/058,2005-05-17,Tue,3,14,17,32,39,42,8
05/059,2005-05-19,Thu,16,18,23,31,34,47,38
05/060,2005-05-22,Sun,5,6,10,16,20,21,19
05/061,2005-05-24,Tue,1,11,18,22,23,42,10
05/062,2005-05-26,Thu,12,33,39,43,45,49,10
05/063,2005-05-28,Sat,17,22,23,26,28,46,2
05/064,2005-05-31,Tue,11,16,17,19,24,43,13
05/065,2005-06-02,Thu,4,17,20,33,39,43,26
05/066,2005-06-04,Sat,4,20,32,39,40,42,33
05/067,2005-06-07,Tue,10,11,18,26,41,48,27
05/068,2005-06-09,Thu,3,13,27,29,36,37,24
05/069,2005-06-11,Sat,11,18,22,29,40,48,44
05/070,2005-06-14,Tue,2,5,7,18,22,48,11
05/071,2005-06-16,Thu,5,7,15,35,36,44,4
05/072,2005-06-19,Sun,6,15,18,25,26,47,27
05/073,2005-06-21,Tue,11,22,29,31,32,42,3
05/074,2005-06-23,Thu,2,21,29,38,44,48,10
05/075,2005-06-25,Sat,15,25,33,38,40,49,21
05/076,2005-06-28,Tue,1,23,25,30,32,46,42
05/077,2005-06-30,Thu,4,16,22,27,32,36,17
05/078,2005-07-02,Sat,2,4,23,32,43,45,42
05/079,2005-07-05,Tue,6,9,13,21,41,43,45
05/080,2005-07-07,Thu,4,22,24,30,31,34,17
05/081,2005-07-09,Sat,6,10,16,21,23,39,5
05/082,2005-07-12,Tue,6,7,18,22,30,34,2
05/083,2005-07-14,Thu,10,17,18,34,48,49,29
05/084,2005-07-16,Sat,5,6,17,35,39,49,44
05/085,2005-07-19,Tue,5,14,26,30,31,42,4
05/086,2005-07-21,Thu,8,13,15,28,29,48,3
05/087,2005-07-23,Sat,7,8,15,22,35,49,17
05/088,2005-07-26,Tue,6,12,14,25,27,30,8
05/089,2005-07-29,Fri,25,35,39,42,43,49,5
05/090,2005-07-31,Sun,5,13,14,33,45,46,25
05/091,2005-08-02,Tue,21,25,33,36,42,48,13
05/092,2005-08-04,Thu,1,7,19,27,38,47,3
05/093,2005-08-06,Sat,5,21,33,34,44,45,40
05/094,2005-08-09,Tue,9,13,22,35,38,39,4
05/095,2005-08-11,Thu,9,11,23,29,33,38,6
05/096,2005-08-13,Sat,9,13,32,38,48,49,41
05/097,2005-08-16,Tue,1,11,21,27,37,48,18
05/098,2005-08-18,Thu,2,19,24,39,41,49,21
05/099,2005-08-20,Sat,3,8,13,17,22,29,18
05/100,2005-08-23,Tue,1,3,14,26,36,47,42
05/101,2005-08-25,Thu,5,13,20,25,29,39,35
05/102,2005-08-27,Sat,1,3,20,23,33,37,14
05/103,2005-08-30,Tue,4,9,17,26,40,46,18
05/104,2005-09-01,Thu,4,14,19,21,24,48,10
05/105,2005-09-03,Sat,7,11,18,34,35,48,42
05/106,2005-09-06,Tue,9,15,20,23,39,41,44
05/107,2005-09-08,Thu,8,10,13,14,31,48,47
05/108,2005-09-10,Sat,1,4,19,33,34,40,25
05/109,2005-09-13,Tue,16,26,29,39,41,46,34
05/110,2005-09-16,Fri,22,24,28,33,34,42,48
05/111,2005-09-18,Sun,3,5,8,14,27,35,9
05/112,2005-09-20,Tue,4,5,21,26,37,47,7
05/113,2005-09-22,Thu,2,4,12,13,19,42,39
05/114,2005-09-25,Sun,1,6,14,19,26,30,17
05/115,2005-09-27,Tue,1,17,20,28,35,43,18
05/116,2005-09-30,Fri,11,14,20,24,25,35,33
05/117,2005-10-04,Tue,2,9,16,25,36,38,14
05/118,2005-10-06,Thu,23,26,27,29,30,45,18
05/119,2005-10-08,Sat,9,11,15,25,44,48,27
05/120,2005-10-11,Tue,8,9,16,24,29,48,5
05/121,2005-10-13,Thu,24,34,35,38,41,47,45
05/122,2005-10-15,Sat,3,14,17,41,46,47,20
05/123,2005-10-18,Tue,14,15,18,20,38,42,35
05/124,2005-10-20,Thu,6,10,22,30,43,44,29
05/125,2005-10-23,Sun,9,25,30,31,35,37,1
05/126,2005-10-25,Tue,3,12,26,30,39,41,25
05/127,2005-10-27,Thu,2,5,13,19,40,49,7
05/128,2005-10-29,Sat,8,10,11,24,31,37,38
05/129,2005-10-31,Mon,2,18,30,34,37,41,28
05/130,2005-11-03,Thu,1,3,10,31,34,35,27
05/131,2005-11-06,Sun,3,11,13,20,38,49,19
05/132,2005-11-08,Tue,3,10,13,35,48,49,33
05/133,2005-11-10,Thu,7,8,12,37,41,48,40
05/134,2005-11-12,Sat,1,13,21,22,24,40,27
05/135,2005-11-15,Tue,23,24,26,30,47,49,43
05/136,2005-11-17,Thu,4,9,10,14,15,49,5
05/137,2005-11-19,Sat,2,3,15,30,32,46,23
05/138,2005-11-22,Tue,12,23,25,31,44,45,3
05/139,2005-11-24,Thu,1,4,5,8,13,43,22
05/140,2005-11-26,Sat,3,16,25,37,38,45,18
05/141,2005-11-29,Tue,13,18,24,26,44,45,27
05/142,2005-12-01,Thu,10,32,33,38,41,47,6
05/143,2005-12-04,Sun,9,10,27,32,37,45,4
05/144,2005-12-06,Tue,1,2,3,7,14,15,11
05/145,2005-12-08,Thu,3,9,16,31,36,42,20
05/146,2005-12-10,Sat,2,9,22,32,35,41,20
05/147,2005-12-13,Tue,1,6,14,22,33,47,9
05/148,2005-12-15,Thu,12,14,19,27,34,43,24
05/149,2005-12-18,Sun,1,4,15,22,40,44,2
05/150,2005-12-20,Tue,9,16,19,20,30,43,44
05/151,2005-12-22,Thu,8,18,19,23,24,42,32
05/152,2005-12-24,Sat,6,10,19,20,22,36,3
05/153,2005-12-27,Tue,4,9,17,18,31,43,19
05/154,2005-12-29,Thu,9,11,21,22,24,41,33
05/155,2005-12-31,Sat,2,7,11,31,40,43,36
06/001,2006-01-03,Tue,17,23,24,25,26,38,47
06/002,2006-01-05,Thu,5,10,22,38,44,46,13
06/003,2006-01-08,Sun,1,10,26,28,38,42,43
06/004,2006-01-10,Tue,5,21,25,36,38,39,4
06/005,2006-01-12,Thu,15,24,25,27,36,37,35
06/006,2006-01-14,Sat,1,12,19,29,32,34,46
06/007,2006-01-17,Tue,11,13,25,29,38,47,12
06/008,2006-01-19,Thu,24,26,28,31,44,47,17
06/009,2006-01-21,Sat,1,7,20,34,40,45,22
06/010,2006-01-24,Tue,6,14,28,31,33,35,26
06/011,2006-01-26,Thu,18,22,23,27,28,43,35
06/012,2006-01-28,Sat,16,22,27,30,39,41,40
06/013,2006-01-30,Mon,9,21,22,33,35,48,43
06/014,2006-02-02,Thu,3,4,5,20,23,37,38
06/015,2006-02-04,Sat,19,34,39,40,41,45,23
06/016,2006-02-07,Tue,5,12,15,24,40,41,44
06/017,2006-02-09,Thu,3,6,13,29,39,49,9
06/018,2006-02-12,Sun,12,15,26,30,41,45,4
06/019,2006-02-14,Tue,7,22,32,34,42,43,6
06/020,2006-02-16,Thu,3,12,16,22,29,34,30
06/021,2006-02-18,Sat,10,12,14,28,42,46,37
06/022,2006-02-21,Tue,7,15,24,31,36,49,40
06/023,2006-02-23,Thu,18,31,35,39,40,43,10
06/024,2006-02-25,Sat,13,18,22,31,34,37,19
06/025,2006-02-28,Tue,10,14,23,25,27,40,37
06/026,2006-03-02,Thu,1,5,14,22,29,43,20
06/027,2006-03-05,Sun,1,7,14,15,22,45,24
06/028,2006-03-07,Tue,2,11,30,42,48,49,36
06/029,2006-03-09,Thu,9,19,20,30,39,40,10
06/030,2006-03-11,Sat,1,13,14,19,21,30,40
06/031,2006-03-14,Tue,7,12,13,25,39,48,9
06/032,2006-03-16,Thu,4,27,33,37,42,49,36
06/033,2006-03-18,Sat,1,6,13,30,33,43,9
06/034,2006-03-21,Tue,4,8,16,22,23,43,18
06/035,2006-03-23,Thu,3,7,18,20,26,32,10
06/036,2006-03-25,Sat,26,32,36,42,43,45,44
06/037,2006-03-28,Tue,1,3,10,15,21,28,37
06/038,2006-03-30,Thu,2,12,17,19,30,33,23
06/039,2006-04-02,Sun,8,12,25,29,39,45,44
06/040,2006-04-04,Tue,7,11,14,35,38,43,26
06/041,2006-04-07,Fri,10,11,16,29,30,35,28
06/042,2006-04-09,Sun,18,28,34,44,45,47,8
06/043,2006-04-11,Tue,5,21,26,30,36,41,17
06/044,2006-04-13,Thu,13,28,32,39,44,49,48
06/045,2006-04-16,Sun,9,11,20,22,29,38,37
06/046,2006-04-18,Tue,11,14,27,28,38,44,12
06/047,2006-04-20,Thu,2,9,12,16,37,40,19
06/048,2006-04-22,Sat,6,8,11,28,42,46,31
06/049,2006-04-25,Tue,2,24,26,29,32,33,6
06/050,2006-04-27,Thu,1,7,8,30,34,37,41
06/051,2006-04-29,Sat,6,10,19,24,28,47,22
06/052,2006-05-02,Tue,3,13,18,27,33,45,29
06/053,2006-05-04,Thu,2,3,32,46,47,48,35
06/054,2006-05-06,Sat,5,17,23,28,31,32,18
06/055,2006-05-09,Tue,18,22,24,25,26,43,23
06/056,2006-05-11,Thu,7,12,15,27,29,49,36
06/057,2006-05-14,Sun,1,7,14,23,45,48,43
06/058,2006-05-16,Tue,23,26,35,36,39,43,5
06/059,2006-05-18,Thu,11,23,31,32,33,40,49
06/060,2006-05-20,Sat,15,20,38,41,44,46,34
06/061,2006-05-23,Tue,1,14,28,41,45,47,29
06/062,2006-05-25,Thu,9,27,29,38,39,40,47
06/063,2006-05-27,Sat,1,22,34,35,36,47,7
06/064,2006-05-30,Tue,10,16,21,30,33,48,19
06/065,2006-06-01,Thu,12,17,24,35,44,46,10
06/066,2006-06-03,Sat,5,9,16,29,36,47,17
06/067,2006-06-06,Tue,2,9,29,31,42,49,5
06/068,2006-06-08,Thu,17,34,36,41,46,48,26
06/069,2006-06-11,Sun,3,5,7,18,40,45,15
06/070,2006-06-13,Tue,2,6,17,33,42,45,13
06/071,2006-06-15,Thu,4,15,16,22,24,45,2
06/072,2006-06-18,Sun,5,6,7,18,27,35,19
06/073,2006-06-20,Tue,4,5,17,39,40,42,3
06/074,2006-06-22,Thu,4,5,33,36,48,49,2
06/075,2006-06-24,Sat,18,21,32,33,36,37,6
06/076,2006-06-27,Tue,10,12,21,26,27,49,14
06/077,2006-06-29,Thu,2,3,13,17,19,36,47
06/078,2006-07-01,Sat,4,13,30,42,47,48,40
06/079,2006-07-04,Tue,1,4,5,13,14,19,18
06/080,2006-07-06,Thu,1,7,9,16,21,49,12
06/081,2006-07-08,Sat,2,6,10,13,30,33,40
06/082,2006-07-11,Tue,1,30,34,42,45,46,8
06/083,2006-07-13,Thu,1,8,9,10,34,36,17
06/084,2006-07-15,Sat,9,20,23,34,35,45,15
06/085,2006-07-18,Tue,10,13,22,27,32,39,43
06/086,2006-07-20,Thu,6,13,15,26,30,33,16
06/087,2006-07-22,Sat,2,6,16,20,23,24,19
06/088,2006-07-25,Tue,10,16,23,34,38,41,5
06/089,2006-07-27,Thu,1,19,21,31,43,47,18
06/090,2006-07-29,Sat,2,23,29,34,35,37,41
06/091,2006-08-01,Tue,7,10,20,30,34,46,19
06/092,2006-08-03,Thu,9,10,16,19,32,45,18
06/093,2006-08-05,Sat,1,8,11,14,16,45,41
06/094,2006-08-08,Tue,10,20,24,28,32,49,9
06/095,2006-08-10,Thu,12,15,18,23,35,38,33
06/096,2006-08-12,Sat,2,13,18,26,28,43,41
06/097,2006-08-15,Tue,8,18,21,23,30,47,10
06/098,2006-08-17,Thu,10,17,19,27,37,38,26
06/099,2006-08-19,Sat,3,25,27,28,43,45,42
06/100,2006-08-22,Tue,8,18,22,34,48,49,33
06/101,2006-08-24,Thu,3,11,14,21,40,45,8
06/102,2006-08-26,Sat,27,29,31,36,39,43,23
06/103,2006-08-29,Tue,14,34,37,40,48,49,30
06/104,2006-08-31,Thu,4,26,30,35,45,46,20
06/105,2006-09-02,Sat,3,16,17,34,46,48,41
06/106,2006-09-05,Tue,4,8,14,22,41,48,39
06/107,2006-09-07,Thu,5,8,15,25,33,48,11
06/108,2006-09-09,Sat,8,12,14,17,23,25,10
06/109,2006-09-12,Tue,2,32,40,41,43,45,30
06/110,2006-09-14,Thu,12,26,27,28,32,46,47
06/111,2006-09-17,Sun,5,11,14,20,22,41,33
06/112,2006-09-19,Tue,3,11,22,25,27,33,21
06/113,2006-09-21,Thu,1,22,33,40,43,48,35
06/114,2006-09-23,Sat,3,13,20,34,37,40,11
06/115,2006-09-26,Tue,7,9,15,18,32,43,8
06/116,2006-09-28,Thu,5,15,22,30,42,49,37
06/117,2006-09-30,Sat,1,2,4,11,12,23,6
06/118,2006-10-03,Tue,1,5,9,19,35,45,30
06/119,2006-10-05,Thu,5,9,16,32,35,42,4
06/120,2006-10-08,Sun,1,4,17,22,27,28,15
06/121,2006-10-10,Tue,6,8,22,39,40,47,17
06/122,2006-10-12,Thu,5,9,10,22,26,38,39
06/123,2006-10-14,Sat,3,16,20,36,41,49,45
06/124,2006-10-17,Tue,5,22,29,33,36,40,32
06/125,2006-10-19,Thu,9,11,15,29,35,44,18
06/126,2006-10-22,Sun,3,18,24,26,42,43,16
06/127,2006-10-24,Tue,12,28,29,30,44,48,34
06/128,2006-10-26,Thu,5,8,13,17,26,41,22
06/129,2006-10-28,Sat,7,28,33,35,42,44,41
06/130,2006-10-31,Tue,1,6,13,28,35,44,30
06/131,2006-11-02,Thu,5,7,28,35,36,39,31
06/132,2006-11-05,Sun,11,22,38,41,42,45,20
06/133,2006-11-09,Thu,2,21,22,34,36,38,45
06/134,2006-11-11,Sat,10,13,18,21,31,48,17
06/135,2006-11-14,Tue,8,14,20,34,36,49,46
06/136,2006-11-16,Thu,3,10,12,32,35,44,41
06/137,2006-11-18,Sat,10,11,14,34,40,49,43
06/138,2006-11-21,Tue,3,7,16,26,31,35,18
06/139,2006-11-23,Thu,6,10,19,32,41,49,5
06/140,2006-11-25,Sat,7,18,30,35,36,49,29
06/141,2006-11-28,Tue,6,10,21,23,35,36,8
06/142,2006-11-30,Thu,5,8,9,27,31,35,15
06/143,2006-12-03,Sun,10,22,25,32,34,44,30
06/144,2006-12-05,Tue,20,21,38,41,45,46,14
06/145,2006-12-07,Thu,5,8,10,27,34,40,47
06/146,2006-12-09,Sat,21,22,24,28,43,48,44
06/147,2006-12-12,Tue,6,15,26,30,39,41,14
06/148,2006-12-14,Thu,2,14,15,29,37,47,45
06/149,2006-12-17,Sun,9,13,17,21,22,33,41
06/150,2006-12-19,Tue,5,11,17,32,33,48,4
06/151,2006-12-21,Thu,5,28,35,46,48,49,11
06/152,2006-12-24,Sun,16,29,31,34,39,42,41
06/153,2006-12-28,Thu,3,11,14,20,27,44,43
06/154,2006-12-30,Sat,5,6,7,21,30,40,42
07/001,2007-01-02,Tue,6,12,14,30,32,38,41
07/002,2007-01-04,Thu,7,8,33,40,42,49,13
07/003,2007-01-06,Sat,3,17,33,38,43,49,14
07/004,2007-01-09,Tue,11,14,16,19,34,43,48
07/005,2007-01-11,Thu,1,2,10,27,40,41,43
07/006,2007-01-13,Sat,6,7,25,28,38,45,16
07/007,2007-01-16,Tue,4,14,23,25,38,42,10
07/008,2007-01-18,Thu,7,10,33,39,48,49,42
07/009,2007-01-21,Sun,9,18,26,28,36,44,19
07/010,2007-01-23,Tue,6,19,25,31,32,35,15
07/011,2007-01-25,Thu,5,6,23,24,38,48,30
07/012,2007-01-27,Sat,11,25,26,36,39,41,16
07/013,2007-01-30,Tue,9,11,12,14,18,24,38
07/014,2007-02-01,Thu,8,13,32,33,39,47,17
07/015,2007-02-03,Sat,6,11,12,19,27,39,28
07/016,2007-02-06,Tue,11,12,19,22,42,47,36
07/017,2007-02-08,Thu,9,24,26,27,37,44,3
07/018,2007-02-11,Sun,11,22,25,32,41,45,1
07/019,2007-02-13,Tue,3,13,14,21,22,32,7
07/020,2007-02-15,Thu,7,15,17,38,45,48,46
07/021,2007-02-17,Sat,9,16,17,28,33,42,29
07/022,2007-02-19,Mon,4,17,18,35,37,47,32
07/023,2007-02-22,Thu,2,8,11,18,32,39,46
07/024,2007-02-24,Sat,7,9,22,24,32,36,8
07/025,2007-02-27,Tue,9,10,16,30,38,41,2
07/026,2007-03-01,Thu,16,18,25,29,33,43,41
07/027,2007-03-03,Sat,4,10,30,35,43,46,14
07/028,2007-03-06,Tue,5,8,22,27,32,41,45
07/029,2007-03-08,Thu,6,12,16,25,33,49,48
07/030,2007-03-11,Sun,2,7,16,30,37,39,20
07/031,2007-03-13,Tue,1,4,12,35,39,46,14
07/032,2007-03-15,Thu,1,14,39,40,45,49,42
07/033,2007-03-17,Sat,21,23,26,36,45,49,2
07/034,2007-03-20,Tue,1,11,23,37,42,43,24
07/035,2007-03-22,Thu,6,9,12,15,43,47,49
07/036,2007-03-24,Sat,2,5,6,12,22,40,24
07/037,2007-03-27,Tue,12,21,24,32,36,46,13
07/038,2007-03-29,Thu,2,22,23,40,44,45,32
07/039,2007-04-01,Sun,16,17,21,28,38,45,10
07/040,2007-04-03,Tue,9,22,30,41,42,48,49
07/041,2007-04-05,Thu,13,33,35,39,40,48,27
07/042,2007-04-07,Sat,5,7,8,23,36,41,24
07/043,2007-04-10,Tue,6,9,13,31,40,45,47
07/044,2007-04-12,Thu,4,8,24,27,35,45,15
07/045,2007-04-15,Sun,11,14,19,35,44,49,10
07/046,2007-04-17,Tue,2,20,40,43,45,49,38
07/047,2007-04-19,Thu,7,9,15,29,32,48,38
07/048,2007-04-21,Sat,19,27,41,42,44,49,20
07/049,2007-04-24,Tue,4,6,7,14,19,37,9
07/050,2007-04-26,Thu,17,22,24,35,37,40,11
07/051,2007-04-30,Mon,10,11,18,27,38,44,37
07/052,2007-05-03,Thu,3,17,32,44,46,47,33
07/053,2007-05-05,Sat,7,9,11,20,45,49,42
07/054,2007-05-08,Tue,11,20,23,30,46,48,22
07/055,2007-05-10,Thu,4,6,12,14,41,46,15
07/056,2007-05-13,Sun,14,16,25,28,36,38,40
07/057,2007-05-15,Tue,12,30,33,36,42,43,15
07/058,2007-05-17,Thu,4,5,14,27,37,39,35
07/059,2007-05-19,Sat,21,24,31,36,38,46,43
07/060,2007-05-22,Tue,20,21,23,28,38,40,13
07/061,2007-05-26,Sat,23,24,26,29,36,41,12
07/062,2007-05-29,Tue,2,8,12,25,29,46,7
07/063,2007-05-31,Thu,1,4,7,20,25,38,17
07/064,2007-06-02,Sat,16,20,26,27,42,46,32
07/065,2007-06-05,Tue,5,9,11,21,22,37,32
07/066,2007-06-07,Thu,1,4,15,34,44,47,7
07/067,2007-06-10,Sun,1,6,9,36,37,48,13
07/068,2007-06-12,Tue,7,30,31,41,45,47,4
07/069,2007-06-14,Thu,3,19,21,29,33,41,46
07/070,2007-06-16,Sat,3,15,18,19,28,37,30
07/071,2007-06-19,Tue,4,8,11,12,20,32,47
07/072,2007-06-21,Thu,1,5,11,26,43,45,22
07/073,2007-06-23,Sat,10,24,27,28,31,38,23
07/074,2007-06-26,Tue,2,17,24,32,35,47,34
07/075,2007-06-28,Thu,4,15,38,40,41,46,33
07/076,2007-06-30,Sat,1,4,10,18,37,44,20
07/077,2007-07-03,Tue,16,22,35,36,45,48,32
07/078,2007-07-05,Thu,14,23,25,26,35,38,21
07/079,2007-07-07,Sat,4,8,10,15,35,45,16
07/080,2007-07-10,Tue,12,13,17,24,31,43,49
07/081,2007-07-12,Thu,6,16,17,18,22,49,33
07/082,2007-07-14,Sat,10,19,24,30,45,49,34
07/083,2007-07-17,Tue,5,10,12,13,16,42,41
07/084,2007-07-19,Thu,1,26,27,36,42,45,12
07/085,2007-07-21,Sat,5,9,18,40,43,45,17
07/086,2007-07-24,Tue,16,26,30,36,41,49,13
07/087,2007-07-26,Thu,13,22,28,32,37,46,17
07/088,2007-07-28,Sat,18,21,29,30,31,38,34
07/089,2007-07-31,Tue,3,4,21,43,47,48,7
07/090,2007-08-02,Thu,8,22,29,35,40,41,6
07/091,2007-08-07,Tue,1,14,26,32,45,48,46
07/092,2007-08-09,Thu,3,4,5,12,17,44,37
07/093,2007-08-11,Sat,6,9,35,38,43,44,41
07/094,2007-08-14,Tue,7,9,12,27,29,40,5
07/095,2007-08-16,Thu,14,16,18,26,30,35,10
07/096,2007-08-18,Sat,14,18,22,31,35,40,46
07/097,2007-08-21,Tue,10,13,22,33,36,48,31
07/098,2007-08-24,Fri,10,19,20,28,37,43,6
07/099,2007-08-26,Sun,6,20,23,42,44,45,13
07/100,2007-08-28,Tue,4,9,20,27,37,43,7
07/101,2007-08-30,Thu,3,4,13,23,34,39,37
07/102,2007-09-01,Sat,2,6,16,38,39,44,15
07/103,2007-09-04,Tue,6,28,38,44,45,49,34
07/104,2007-09-06,Thu,4,12,18,35,40,44,38
07/105,2007-09-08,Sat,1,3,14,31,34,35,16
07/106,2007-09-11,Tue,14,23,26,35,36,44,5
07/107,2007-09-13,Thu,8,14,15,25,32,38,11
07/108,2007-09-16,Sun,6,7,8,17,24,27,38
07/109,2007-09-18,Tue,10,12,24,37,41,43,17
07/110,2007-09-20,Thu,6,11,13,28,40,41,49
07/111,2007-09-22,Sat,5,6,24,44,48,49,45
07/112,2007-09-25,Tue,2,8,16,24,25,34,40
07/113,2007-09-27,Thu,6,9,17,23,34,45,2
07/114,2007-09-29,Sat,35,41,42,44,47,49,48
07/115,2007-10-02,Tue,10,21,30,34,37,43,17
07/116,2007-10-04,Thu,6,14,28,29,37,38,12
07/117,2007-10-06,Sat,7,20,25,33,38,45,26
07/118,2007-10-09,Tue,9,10,16,23,32,49,19
07/119,2007-10-11,Thu,12,19,23,26,33,42,27
07/120,2007-10-13,Sat,23,24,25,27,43,45,11
07/121,2007-10-16,Tue,6,10,11,14,31,40,49
07/122,2007-10-18,Thu,1,2,37,39,47,48,34
07/123,2007-10-20,Sat,4,14,18,19,30,42,34
07/124,2007-10-23,Tue,6,13,21,29,31,37,25
07/125,2007-10-25,Thu,4,14,31,35,42,49,1
07/126,2007-10-27,Sat,2,27,30,35,43,46,36
07/127,2007-10-30,Tue,12,19,31,41,42,47,13
07/128,2007-11-01,Thu,5,9,12,18,24,43,7
07/129,2007-11-04,Sun,4,13,25,27,40,47,45
07/130,2007-11-08,Thu,6,14,18,28,30,37,21
07/131,2007-11-10,Sat,1,6,8,15,41,43,2
07/132,2007-11-13,Tue,2,6,15,30,38,42,29
07/133,2007-11-15,Thu,12,16,18,27,41,45,29
07/134,2007-11-18,Sun,1,4,6,20,25,32,43
07/135,2007-11-20,Tue,6,13,14,22,30,44,26
07/136,2007-11-22,Thu,1,12,29,39,40,48,41
07/137,2007-11-24,Sat,5,19,25,32,40,42,4
07/138,2007-11-27,Tue,7,25,27,33,35,45,6
07/139,2007-11-29,Thu,10,13,19,27,43,48,8
07/140,2007-12-02,Sun,18,25,29,30,32,35,39
07/141,2007-12-04,Tue,18,23,26,28,30,45,15
07/142,2007-12-06,Thu,5,26,33,38,39,46,47
07/143,2007-12-08,Sat,9,14,35,38,41,42,40
07/144,2007-12-11,Tue,16,18,24,35,40,41,47
07/145,2007-12-13,Thu,5,7,15,18,23,42,10
07/146,2007-12-16,Sun,1,17,23,25,40,44,26
07/147,2007-12-18,Tue,1,2,6,19,24,40,44
07/148,2007-12-22,Sat,1,9,17,28,42,46,32
07/149,2007-12-25,Tue,1,2,21,30,44,46,33
07/150,2007-12-27,Thu,7,17,37,38,40,48,43
07/151,2007-12-29,Sat,6,12,16,33,41,48,8
07/152,2007-12-31,Mon,15,16,21,23,37,45,4
08/001,2008-01-03,Thu,5,8,36,39,42,46,14
08/002,2008-01-05,Sat,3,11,14,32,33,42,15
08/003,2008-01-08,Tue,2,9,14,24,40,45,3
08/004,2008-01-10,Thu,4,20,36,42,46,47,22
08/005,2008-01-13,Sun,8,13,18,22,26,42,43
08/006,2008-01-15,Tue,10,11,15,18,37,45,26
08/007,2008-01-17,Thu,8,19,24,35,36,40,23
08/008,2008-01-19,Sat,4,7,8,20,32,34,24
08/009,2008-01-22,Tue,9,16,17,30,33,49,41
08/010,2008-01-24,Thu,10,23,26,38,42,46,29
08/011,2008-01-26,Sat,13,15,19,22,33,38,39
08/012,2008-01-29,Tue,16,22,24,33,43,44,29
08/013,2008-01-31,Thu,24,32,41,42,48,49,10
08/014,2008-02-03,Sun,1,34,36,37,42,46,39
08/015,2008-02-05,Tue,3,6,36,40,43,48,8
08/016,2008-02-08,Fri,2,16,30,31,38,48,36
08/017,2008-02-10,Sun,7,24,26,30,32,39,47
08/018,2008-02-12,Tue,12,23,31,37,40,45,35
08/019,2008-02-14,Thu,4,6,15,29,33,39,18
08/020,2008-02-16,Sat,2,5,8,22,29,41,28
08/021,2008-02-19,Tue,5,15,29,32,38,39,31
08/022,2008-02-21,Thu,18,22,24,27,30,48,3
08/023,2008-02-23,Sat,2,9,14,24,33,47,48
08/024,2008-02-26,Tue,9,20,23,30,34,39,13
08/025,2008-02-28,Thu,6,8,13,17,35,49,45
08/026,2008-03-02,Sun,5,7,22,30,32,35,13
08/027,2008-03-04,Tue,2,5,13,20,21,49,36
08/028,2008-03-06,Thu,7,12,24,25,39,44,27
08/029,2008-03-08,Sat,16,25,31,36,38,49,29
08/030,2008-03-11,Tue,5,13,15,23,28,40,17
08/031,2008-03-13,Thu,12,28,31,33,36,44,7
08/032,2008-03-15,Sat,8,10,21,22,30,47,28
08/033,2008-03-18,Tue,13,23,28,30,37,44,49
08/034,2008-03-20,Thu,4,12,22,26,33,45,8
08/035,2008-03-22,Sat,13,18,32,38,48,49,40
08/036,2008-03-25,Tue,7,14,15,22,25,35,32
08/037,2008-03-27,Thu,3,4,16,32,45,48,23
08/038,2008-03-29,Sat,6,9,30,32,39,48,4
08/039,2008-04-01,Tue,15,16,27,40,44,49,31
08/040,2008-04-03,Thu,1,6,17,28,36,41,31
08/041,2008-04-08,Tue,11,13,21,36,39,40,43
08/042,2008-04-13,Sun,1,9,22,23,34,38,24
08/043,2008-04-15,Tue,8,25,31,38,43,48,23
08/044,2008-04-17,Thu,7,10,11,27,31,48,5
08/045,2008-04-19,Sat,7,10,16,19,42,46,20
08/046,2008-04-22,Tue,8,14,31,36,40,46,9
08/047,2008-04-24,Thu,8,12,13,25,31,35,21
08/048,2008-04-26,Sat,13,15,17,19,24,32,9
08/049,2008-04-29,Tue,20,22,24,25,40,41,35
08/050,2008-05-03,Sat,1,3,4,5,37,39,8
08/051,2008-05-06,Tue,7,8,13,26,28,49,17
08/052,2008-05-08,Thu,16,24,31,35,37,49,39
08/053,2008-05-10,Sat,5,6,27,41,47,49,40
08/054,2008-05-13,Tue,8,19,26,34,37,40,29
08/055,2008-05-15,Thu,7,21,22,38,45,47,40
08/056,2008-05-17,Sat,3,18,24,45,46,48,31
08/057,2008-05-20,Tue,1,4,6,23,25,47,49
08/058,2008-05-22,Thu,1,19,23,29,34,41,15
08/059,2008-05-24,Sat,1,5,12,14,19,31,45
08/060,2008-05-27,Tue,22,23,24,28,29,43,6
08/061,2008-05-29,Thu,1,6,27,39,44,49,36
08/062,2008-05-31,Sat,11,26,31,34,36,42,13
08/063,2008-06-03,Tue,5,32,33,40,41,49,30
08/064,2008-06-07,Sat,6,11,14,23,39,45,10
08/065,2008-06-10,Tue,2,7,11,20,29,45,48
08/066,2008-06-12,Thu,4,6,9,15,22,37,3
08/067,2008-06-14,Sat,3,15,19,40,41,44,13
08/068,2008-06-17,Tue,3,5,6,13,31,32,15
08/069,2008-06-19,Thu,2,11,18,26,39,45,24
08/070,2008-06-21,Sat,1,5,13,29,34,44,25
08/071,2008-06-24,Tue,8,9,22,27,29,42,38
08/072,2008-06-27,Fri,8,33,39,40,46,48,24
08/073,2008-06-29,Sun,1,2,7,19,28,34,5
08/074,2008-07-02,Wed,3,21,26,29,31,48,1
08/075,2008-07-05,Sat,2,6,7,15,20,38,14
08/076,2008-07-08,Tue,15,18,19,21,24,26,36
08/077,2008-07-10,Thu,5,12,17,18,41,44,32
08/078,2008-07-12,Sat,5,21,25,27,38,40,11
08/079,2008-07-15,Tue,9,17,19,24,38,47,3
08/080,2008-07-17,Thu,15,18,25,27,38,47,2
08/081,2008-07-19,Sat,1,18,24,29,35,46,2
08/082,2008-07-22,Tue,10,29,33,40,43,45,8
08/083,2008-07-24,Thu,5,15,29,31,38,45,48
08/084,2008-07-26,Sat,9,10,12,13,41,48,6
08/085,2008-07-29,Tue,7,15,25,34,35,38,6
08/086,2008-07-31,Thu,1,8,25,33,34,41,28
08/087,2008-08-02,Sat,4,6,8,11,33,35,25
08/088,2008-08-05,Tue,6,11,16,38,42,49,40
08/089,2008-08-07,Thu,3,17,23,24,30,47,26
08/090,2008-08-09,Sat,8,15,19,21,32,42,10
08/091,2008-08-12,Tue,10,11,15,26,28,31,43
08/092,2008-08-14,Thu,16,20,23,27,41,46,6
08/093,2008-08-16,Sat,14,25,32,38,43,46,35
08/094,2008-08-19,Tue,7,19,24,26,32,39,20
08/095,2008-08-21,Thu,1,3,20,21,35,37,46
08/096,2008-08-23,Sat,3,9,10,20,25,34,41
08/097,2008-08-26,Tue,2,13,19,25,30,43,44
08/098,2008-08-28,Thu,1,21,27,31,34,38,10
08/099,2008-08-30,Sat,2,8,10,37,44,49,22
08/100,2008-09-02,Tue,9,13,16,22,24,31,18
08/101,2008-09-04,Thu,7,17,22,26,31,42,12
08/102,2008-09-06,Sat,4,10,18,22,23,38,35
08/103,2008-09-09,Tue,3,7,15,23,29,48,5
08/104,2008-09-11,Thu,2,8,12,20,25,49,34
08/105,2008-09-13,Sat,3,8,9,16,34,46,42
08/106,2008-09-16,Tue,4,9,14,25,36,40,45
08/107,2008-09-18,Thu,2,17,34,38,46,49,33
08/108,2008-09-20,Sat,4,5,10,27,28,49,46
08/109,2008-09-25,Thu,1,4,15,16,29,46,30
08/110,2008-09-27,Sat,7,17,33,36,39,44,31
08/111,2008-09-30,Tue,11,26,27,39,40,47,34
08/112,2008-10-02,Thu,13,17,20,29,32,42,15
08/113,2008-10-04,Sat,4,14,16,19,22,35,9
08/114,2008-10-07,Tue,4,10,26,34,46,49,5
08/115,2008-10-09,Thu,1,2,12,19,27,38,41
08/116,2008-10-11,Sat,8,11,35,37,38,46,27
08/117,2008-10-14,Tue,11,14,19,21,41,44,31
08/118,2008-10-16,Thu,6,21,31,40,42,44,7
08/119,2008-10-18,Sat,3,6,7,9,32,35,24
08/120,2008-10-21,Tue,1,8,9,32,35,37,14
08/121,2008-10-23,Thu,5,9,19,21,27,46,37
08/122,2008-10-25,Sat,3,13,18,20,22,30,39
08/123,2008-10-28,Tue,3,10,11,13,26,48,9
08/124,2008-10-30,Thu,5,13,23,33,37,40,39
08/125,2008-11-01,Sat,11,17,19,23,32,44,25
08/126,2008-11-03,Mon,1,8,20,25,38,43,39
08/127,2008-11-06,Thu,5,6,28,35,42,43,4
08/128,2008-11-09,Sun,1,4,6,15,24,48,43
08/129,2008-11-11,Tue,17,19,20,27,32,35,11
08/130,2008-11-13,Thu,9,10,20,33,34,43,42
08/131,2008-11-15,Sat,2,5,8,24,32,37,35
08/132,2008-11-18,Tue,5,11,18,28,29,32,10
08/133,2008-11-20,Thu,4,13,31,36,40,41,49
08/134,2008-11-22,Sat,1,3,4,17,24,28,7
08/135,2008-11-25,Tue,3,9,18,38,46,48,13
08/136,2008-11-27,Thu,4,6,14,21,36,46,41
08/137,2008-11-29,Sat,5,6,27,33,36,37,48
08/138,2008-12-02,Tue,3,13,29,30,31,43,8
08/139,2008-12-04,Thu,8,10,28,35,37,47,12
08/140,2008-12-07,Sun,4,9,17,26,28,30,1
08/141,2008-12-09,Tue,7,14,21,43,44,47,35
08/142,2008-12-11,Thu,1,10,11,41,47,48,20
08/143,2008-12-13,Sat,1,7,27,36,40,48,13
08/144,2008-12-16,Tue,21,29,32,36,38,44,43
08/145,2008-12-18,Thu,2,22,27,31,40,46,13
08/146,2008-12-21,Sun,6,13,20,26,34,40,10
08/147,2008-12-23,Tue,22,24,26,29,33,48,46
08/148,2008-12-27,Sat,2,17,19,21,24,34,18
08/149,2008-12-30,Tue,4,8,18,29,40,47,9
09/001,2009-01-03,Sat,2,10,16,21,22,30,26
09/002,2009-01-06,Tue,9,14,23,30,42,45,19
09/003,2009-01-08,Thu,18,19,22,33,42,46,7
09/004,2009-01-11,Sun,3,7,16,19,44,47,31
09/005,2009-01-13,Tue,12,15,36,40,41,49,42
09/006,2009-01-15,Thu,6,9,10,12,24,32,30
09/007,2009-01-17,Sat,1,15,16,28,29,47,37
09/008,2009-01-20,Tue,5,13,22,29,34,42,37
09/009,2009-01-23,Fri,5,17,37,38,44,47,12
09/010,2009-01-25,Sun,4,12,19,40,44,47,49
09/011,2009-01-27,Tue,7,13,17,21,42,45,36
09/012,2009-01-29,Thu,6,8,9,17,25,36,4
09/013,2009-01-31,Sat,4,9,10,14,24,29,38
09/014,2009-02-03,Tue,8,12,26,31,44,46,42
09/015,2009-02-05,Thu,3,23,25,36,46,47,20
09/016,2009-02-07,Sat,9,12,42,44,45,48,35
09/017,2009-02-10,Tue,4,6,14,21,24,48,8
09/018,2009-02-12,Thu,10,14,22,28,32,42,36
09/019,2009-02-14,Sat,12,17,31,37,39,46,8
09/020,2009-02-17,Tue,8,12,15,26,39,44,6
09/021,2009-02-19,Thu,6,9,16,26,29,36,8
09/022,2009-02-21,Sat,7,8,14,15,20,21,44
09/023,2009-02-24,Tue,1,9,32,37,38,47,25
09/024,2009-02-26,Thu,14,15,19,23,24,25,2
09/025,2009-02-28,Sat,5,15,22,24,34,46,26
09/026,2009-03-03,Tue,22,25,30,37,38,49,15
09/027,2009-03-05,Thu,2,7,17,20,33,47,45
09/028,2009-03-08,Sun,3,4,11,28,37,40,36
09/029,2009-03-10,Tue,21,27,32,33,39,48,9
09/030,2009-03-12,Thu,2,12,15,16,30,32,5
09/031,2009-03-14,Sat,10,16,19,33,42,43,12
09/032,2009-03-17,Tue,11,12,14,17,21,37,10
09/033,2009-03-19,Thu,6,14,18,21,32,46,43
09/034,2009-03-21,Sat,13,23,27,32,34,43,22
09/035,2009-03-24,Tue,4,12,15,16,38,46,21
09/036,2009-03-26,Thu,5,14,34,36,38,42,19
09/037,2009-03-29,Sun,24,32,36,40,42,43,47
09/038,2009-03-31,Tue,1,7,15,23,29,35,14
09/039,2009-04-02,Thu,7,13,20,33,39,45,30
09/040,2009-04-04,Sat,2,6,10,17,18,46,34
09/041,2009-04-07,Tue,4,21,22,29,41,45,14
09/042,2009-04-09,Thu,7,9,22,29,44,49,1
09/043,2009-04-11,Sat,3,16,25,38,45,47,35
09/044,2009-04-14,Tue,2,7,22,27,41,42,5
09/045,2009-04-16,Thu,1,11,12,19,28,30,49
09/046,2009-04-18,Sat,10,14,22,29,33,48,5
09/047,2009-04-21,Tue,4,18,31,41,42,43,24
09/048,2009-04-23,Thu,15,20,34,42,45,46,23
09/049,2009-04-25,Sat,4,17,34,38,46,49,7
09/050,2009-04-28,Tue,3,7,20,34,36,41,39
09/051,2009-04-30,Thu,8,11,21,30,38,49,35
09/052,2009-05-02,Sat,1,6,18,29,39,48,10
09/053,2009-05-05,Tue,5,29,30,31,41,45,47
09/054,2009-05-07,Thu,2,3,7,9,16,34,14
09/055,2009-05-10,Sun,11,14,21,28,41,48,32
09/056,2009-05-12,Tue,9,25,29,36,38,41,23
09/057,2009-05-14,Thu,6,23,31,43,46,49,40
09/058,2009-05-16,Sat,3,7,11,18,20,27,2
09/059,2009-05-19,Tue,28,33,36,38,40,45,4
09/060,2009-05-23,Sat,1,8,21,32,37,46,22
09/061,2009-05-26,Tue,11,14,19,25,27,47,20
09/062,2009-05-28,Thu,2,12,20,28,46,49,31
09/063,2009-05-30,Sat,9,12,14,20,27,36,11
09/064,2009-06-02,Tue,5,7,18,26,29,47,2
09/065,2009-06-04,Thu,4,9,19,22,24,43,1
09/066,2009-06-06,Sat,1,5,8,23,32,48,3
09/067,2009-06-09,Tue,7,13,16,35,42,46,25
09/068,2009-06-11,Thu,8,11,15,20,33,43,34
09/069,2009-06-14,Sun,12,13,25,39,42,43,38
09/070,2009-06-16,Tue,16,25,27,30,37,41,36
09/071,2009-06-18,Thu,2,11,17,19,22,26,13
09/072,2009-06-20,Sat,7,11,24,32,35,49,46
09/073,2009-06-23,Tue,1,19,34,39,43,48,45
09/074,2009-06-25,Thu,12,19,26,30,36,45,20
09/075,2009-06-27,Sat,16,18,21,26,30,48,45
09/076,2009-06-30,Tue,5,11,15,17,25,46,24
09/077,2009-07-02,Thu,6,19,22,24,29,40,4
09/078,2009-07-04,Sat,2,14,17,19,20,49,26
09/079,2009-07-07,Tue,6,27,30,38,41,47,20
09/080,2009-07-09,Thu,4,24,26,30,31,46,2
09/081,2009-07-11,Sat,2,9,18,21,32,47,26
09/082,2009-07-14,Tue,2,10,19,39,46,47,41
09/083,2009-07-16,Thu,3,5,14,17,29,45,31
09/084,2009-07-18,Sat,24,28,29,38,39,41,19
09/085,2009-07-21,Tue,1,4,6,13,15,48,39
09/086,2009-07-23,Thu,1,3,11,15,39,47,44
09/087,2009-07-25,Sat,4,22,23,31,36,47,20
09/088,2009-07-28,Tue,4,11,20,28,46,49,31
09/089,2009-07-30,Thu,4,11,12,18,21,40,44
09/090,2009-08-01,Sat,1,8,20,45,47,48,11
09/091,2009-08-04,Tue,9,27,32,34,36,37,20
09/092,2009-08-06,Thu,18,28,38,39,47,48,24
09/093,2009-08-08,Sat,5,8,10,11,23,30,42
09/094,2009-08-11,Tue,1,15,23,24,31,39,33
09/095,2009-08-13,Thu,3,6,18,27,29,37,4
09/096,2009-08-15,Sat,6,16,20,23,24,34,42
09/097,2009-08-18,Tue,1,3,15,18,20,33,48
09/098,2009-08-20,Thu,12,15,22,26,27,29,37
09/099,2009-08-22,Sat,3,4,12,29,32,48,16
09/100,2009-08-25,Tue,5,11,12,15,24,32,39
09/101,2009-08-27,Thu,5,8,17,24,30,42,34
09/102,2009-08-29,Sat,4,17,18,26,33,35,40
09/103,2009-09-01,Tue,17,19,22,27,40,46,4
09/104,2009-09-04,Fri,6,9,14,17,47,49,38
09/105,2009-09-06,Sun,9,24,35,40,41,48,31
09/106,2009-09-08,Tue,11,13,16,20,21,28,15
09/107,2009-09-10,Thu,7,29,31,32,33,35,48
09/108,2009-09-12,Sat,1,3,14,17,35,43,47
09/109,2009-09-15,Tue,11,14,16,17,35,49,34
09/110,2009-09-17,Thu,19,21,24,28,30,48,26
09/111,2009-09-19,Sat,20,23,28,37,39,41,26
09/112,2009-09-22,Tue,1,5,9,18,24,32,38
09/113,2009-09-24,Thu,9,19,22,26,34,36,24
09/114,2009-09-27,Sun,1,3,9,30,41,47,19
09/115,2009-09-29,Tue,1,5,15,33,40,48,21
09/116,2009-10-03,Sat,4,6,11,16,22,39,10
09/117,2009-10-06,Tue,12,15,17,24,36,49,14
09/118,2009-10-08,Thu,21,31,33,35,39,44,28
09/119,2009-10-10,Sat,2,12,16,19,20,49,4
09/120,2009-10-13,Tue,13,15,18,36,43,45,7
09/121,2009-10-15,Thu,15,17,22,37,39,47,26
09/122,2009-10-18,Sun,2,4,15,20,32,42,48
09/123,2009-10-20,Tue,8,26,34,36,39,46,35
09/124,2009-10-22,Thu,1,2,24,29,40,47,7
09/125,2009-10-24,Sat,22,25,26,34,41,45,15
09/126,2009-10-27,Tue,13,16,31,35,41,42,36
09/127,2009-10-29,Thu,13,14,15,16,18,44,48
09/128,2009-10-31,Sat,11,25,27,29,30,44,23
09/129,2009-11-03,Tue,3,19,33,42,43,45,44
09/130,2009-11-05,Thu,3,9,13,31,40,42,30
09/131,2009-11-08,Sun,2,17,27,32,35,38,41
09/132,2009-11-10,Tue,2,8,18,22,24,35,17
09/133,2009-11-12,Thu,1,6,9,10,20,46,14
09/134,2009-11-14,Sat,3,6,15,26,28,42,21
09/135,2009-11-17,Tue,2,4,9,28,42,43,45
09/136,2009-11-19,Thu,11,13,19,35,41,45,24
09/137,2009-11-21,Sat,2,8,23,28,38,45,21
09/138,2009-11-24,Tue,7,21,24,33,35,45,26
09/139,2009-11-26,Thu,1,3,9,17,18,42,7
09/140,2009-11-28,Sat,1,5,25,32,38,39,4
09/141,2009-12-01,Tue,4,5,10,17,39,44,24
09/142,2009-12-03,Thu,10,15,20,21,34,46,4
09/143,2009-12-05,Sat,1,14,17,23,35,38,31
09/144,2009-12-08,Tue,6,12,23,29,31,35,21
09/145,2009-12-10,Thu,4,8,15,16,34,49,45
09/146,2009-12-12,Sat,8,9,37,40,46,49,41
09/147,2009-12-15,Tue,10,27,28,40,46,47,18
09/148,2009-12-17,Thu,2,4,30,37,43,49,10
09/149,2009-12-20,Sun,2,4,24,28,32,45,38
09/150,2009-12-22,Tue,6,23,30,33,43,44,10
09/151,2009-12-24,Thu,20,22,26,27,31,44,49
09/152,2009-12-26,Sat,6,17,21,27,36,42,23
09/153,2009-12-29,Tue,9,27,33,38,39,40,14
09/154,2009-12-31,Thu,26,28,31,33,40,41,19
10/001,2010-01-02,Sat,11,13,16,18,21,22,6
10/002,2010-01-05,Tue,5,14,16,22,26,28,27
10/003,2010-01-07,Thu,5,14,16,25,45,48,42
10/004,2010-01-09,Sat,4,8,16,39,40,45,10
10/005,2010-01-12,Tue,9,23,25,29,30,48,1
10/006,2010-01-14,Thu,21,26,27,35,38,48,41
10/007,2010-01-17,Sun,5,18,19,28,35,45,27
10/008,2010-01-19,Tue,2,3,9,24,33,41,40
10/009,2010-01-21,Thu,6,7,17,24,41,48,16
10/010,2010-01-23,Sat,18,19,26,34,39,46,2
10/011,2010-01-26,Tue,8,9,17,31,37,38,2
10/012,2010-01-28,Thu,3,9,15,32,43,46,28
10/013,2010-01-30,Sat,2,4,6,30,32,34,40
10/014,2010-02-02,Tue,1,10,13,14,38,39,41
10/015,2010-02-04,Thu,9,20,25,36,42,47,13
10/016,2010-02-06,Sat,1,5,13,16,24,41,14
10/017,2010-02-09,Tue,4,8,10,13,14,49,7
10/018,2010-02-11,Thu,21,24,27,32,35,36,16
10/019,2010-02-13,Sat,5,21,26,27,28,29,44
10/020,2010-02-15,Mon,1,7,17,20,29,49,19
10/021,2010-02-18,Thu,4,5,7,11,28,32,3
10/022,2010-02-20,Sat,3,4,11,15,32,45,1
10/023,2010-02-23,Tue,8,19,43,44,48,49,46
10/024,2010-02-25,Thu,11,20,31,37,44,47,46
10/025,2010-02-27,Sat,16,17,18,22,25,36,47
10/026,2010-03-02,Tue,1,6,10,21,28,35,46
10/027,2010-03-04,Thu,10,11,24,33,34,38,16
10/028,2010-03-07,Sun,3,12,26,28,31,46,16
10/029,2010-03-09,Tue,9,13,14,17,28,45,20
10/030,2010-03-11,Thu,10,14,35,40,43,48,21
10/031,2010-03-13,Sat,1,4,14,18,22,39,48
10/032,2010-03-16,Tue,4,16,28,37,38,47,30
10/033,2010-03-18,Thu,4,19,30,37,39,41,31
10/034,2010-03-20,Sat,8,12,29,33,39,45,36
10/035,2010-03-23,Tue,7,11,22,27,32,46,17
10/036,2010-03-25,Thu,14,16,29,44,45,47,42
10/037,2010-03-27,Sat,1,3,8,22,36,44,29
10/038,2010-03-30,Tue,2,22,29,31,40,48,20
10/039,2010-04-01,Thu,20,21,23,31,42,43,41
10/040,2010-04-03,Sat,11,23,35,37,40,43,30
10/041,2010-04-06,Tue,11,20,25,35,42,45,8
10/042,2010-04-08,Thu,3,5,25,30,33,37,35
10/043,2010-04-11,Sun,2,7,20,36,38,41,40
10/044,2010-04-13,Tue,31,32,33,37,42,46,17
10/045,2010-04-15,Thu,19,21,30,35,36,37,33
10/046,2010-04-17,Sat,1,2,24,38,42,49,19
10/047,2010-04-20,Tue,6,17,25,27,35,40,32
10/048,2010-04-22,Thu,1,16,23,29,39,46,17
10/049,2010-04-24,Sat,5,12,16,23,29,39,11
10/050,2010-04-27,Tue,3,13,18,21,22,33,8
10/051,2010-04-29,Thu,5,7,24,26,41,49,3
10/052,2010-05-02,Sun,7,16,26,28,41,44,24
10/053,2010-05-04,Tue,19,24,34,40,41,46,15
10/054,2010-05-06,Thu,2,31,37,38,39,40,44
10/055,2010-05-09,Sun,1,5,8,21,27,34,20
10/056,2010-05-11,Tue,15,26,29,34,35,40,9
10/057,2010-05-13,Thu,16,22,31,37,39,49,32
10/058,2010-05-15,Sat,1,29,32,39,44,47,17
10/059,2010-05-18,Tue,4,7,12,20,39,48,14
10/060,2010-05-20,Thu,4,10,11,15,22,37,49
10/061,2010-05-22,Sat,12,17,18,26,29,33,41
10/062,2010-05-25,Tue,14,18,30,40,43,46,27
10/063,2010-05-27,Thu,9,22,28,32,33,49,18
10/064,2010-05-29,Sat,4,16,25,26,33,42,30
10/065,2010-06-01,Tue,7,11,13,24,28,46,26
10/066,2010-06-03,Thu,5,16,19,26,42,44,6
10/067,2010-06-05,Sat,9,15,30,37,38,40,1
10/068,2010-06-08,Tue,7,8,12,21,23,47,10
10/069,2010-06-10,Thu,8,26,32,35,36,49,24
10/070,2010-06-13,Sun,2,11,19,20,21,40,43
10/071,2010-06-15,Tue,5,10,18,21,35,49,11
10/072,2010-06-17,Thu,5,11,15,42,45,48,14
10/073,2010-06-19,Sat,2,8,12,13,27,35,37
10/074,2010-06-22,Tue,2,4,9,20,35,40,44
10/075,2010-06-24,Thu,5,23,26,31,34,49,24
10/076,2010-06-26,Sat,7,13,15,20,21,41,2
10/077,2010-06-29,Tue,8,11,21,38,41,48,49
10/078,2010-07-03,Sat,2,13,14,21,45,49,19
10/079,2010-07-06,Tue,14,17,21,29,42,46,49
10/080,2010-07-08,Thu,4,16,40,43,46,47,27
10/081,2010-07-10,Sat,2,22,25,27,35,42,13
10/082,2010-07-13,Tue,2,3,5,25,43,48,24
10/083,2010-07-15,Thu,2,10,16,18,41,44,31
10/084,2010-07-17,Sat,7,12,30,34,40,48,33
10/085,2010-07-20,Tue,5,13,26,29,40,47,42
10/086,2010-07-24,Sat,6,15,22,25,33,42,24
10/087,2010-07-27,Tue,4,17,23,28,43,46,22
10/088,2010-07-29,Thu,12,13,38,41,44,49,22
10/089,2010-07-31,Sat,12,28,29,33,35,37,22
10/090,2010-08-03,Tue,9,17,26,31,35,36,42
10/091,2010-08-05,Thu,8,30,42,46,48,49,7
10/092,2010-08-07,Sat,3,18,34,41,45,46,37
10/093,2010-08-10,Tue,5,8,12,20,30,39,23
10/094,2010-08-12,Thu,6,17,29,33,42,48,34
10/095,2010-08-14,Sat,6,12,17,34,38,46,43
10/096,2010-08-17,Tue,2,5,8,22,25,35,16
10/097,2010-08-19,Thu,8,12,30,43,46,48,35
10/098,2010-08-21,Sat,18,21,34,37,40,49,28
10/099,2010-08-24,Tue,6,9,11,16,25,37,45
10/100,2010-08-26,Thu,1,7,9,10,36,44,37
10/101,2010-08-28,Sat,1,3,6,7,36,49,42
10/102,2010-08-30,Mon,6,16,39,40,46,49,41
10/103,2010-09-02,Thu,3,7,11,20,23,48,38
10/104,2010-09-04,Sat,17,19,25,34,43,45,47
10/105,2010-09-07,Tue,2,3,16,42,43,45,27
10/106,2010-09-09,Thu,2,4,19,34,37,41,5
10/107,2010-09-11,Sat,10,20,24,35,36,39,12
10/108,2010-09-14,Tue,3,4,7,22,30,39,6
10/109,2010-09-16,Thu,5,8,31,46,47,49,34
10/110,2010-09-19,Sun,12,17,19,26,33,40,25
10/111,2010-09-21,Tue,10,13,23,35,36,48,47
10/112,2010-09-25,Sat,16,23,30,37,39,43,5
10/113,2010-09-28,Tue,7,30,31,42,45,49,46
10/114,2010-09-30,Thu,9,18,21,22,26,29,27
10/115,2010-10-02,Sat,7,16,17,21,27,36,6
10/116,2010-10-05,Tue,5,6,8,16,29,31,12
10/117,2010-10-07,Thu,14,15,21,22,32,40,2
10/118,2010-10-09,Sat,22,37,41,42,44,45,27
10/119,2010-10-12,Tue,9,13,21,24,38,46,27
10/120,2010-10-14,Thu,4,7,10,26,42,47,13
10/121,2010-10-16,Sat,1,29,30,44,45,49,41
10/122,2010-10-19,Tue,2,20,29,38,39,43,37
10/123,2010-10-21,Thu,4,9,23,35,46,49,18
10/124,2010-10-23,Sat,1,28,33,41,42,45,8
10/125,2010-10-26,Tue,3,8,14,20,33,41,32
10/126,2010-10-28,Thu,8,9,17,31,36,47,46
10/127,2010-10-30,Sat,7,8,12,24,30,49,27
10/128,2010-11-02,Tue,5,17,24,25,36,45,15
10/129,2010-11-04,Thu,5,9,25,27,33,44,17
10/130,2010-11-09,Tue,4,15,41,43,45,49,18
10/131,2010-11-11,Thu,5,6,15,28,29,43,48
10/132,2010-11-13,Sat,7,18,21,28,47,48,35
10/133,2010-11-16,Tue,3,12,20,39,46,49,19
10/134,2010-11-18,Thu,6,20,30,33,39,47,23
10/135,2010-11-20,Sat,3,6,9,29,30,33,14
10/136,2010-11-23,Tue,1,10,11,24,30,49,35
10/137,2010-11-25,Thu,17,22,28,31,39,45,8
10/138,2010-11-27,Sat,13,17,25,26,43,44,42
10/139,2010-11-30,Tue,3,14,16,19,45,48,9
10/140,2010-12-02,Thu,6,11,17,31,40,41,34
10/141,2010-12-05,Sun,9,10,20,42,46,47,27
10/142,2010-12-07,Tue,12,13,18,20,28,48,14
10/143,2010-12-09,Thu,4,10,20,25,33,36,37
10/144,2010-12-11,Sat,15,18,22,24,27,30,10
10/145,2010-12-14,Tue,3,7,28,29,38,48,40
10/146,2010-12-16,Thu,12,13,18,19,27,29,10
10/147,2010-12-18,Sat,15,19,34,39,44,45,23
10/148,2010-12-20,Mon,4,5,12,16,18,41,7
10/149,2010-12-22,Wed,3,4,15,24,35,41,36
10/150,2010-12-25,Sat,1,2,4,13,43,48,11
10/151,2010-12-28,Tue,8,23,28,31,36,37,12
10/152,2010-12-30,Thu,4,13,18,20,36,39,12
11/001,2011-01-02,Sun,1,13,20,24,37,39,3
11/002,2011-01-04,Tue,4,9,16,20,38,39,40
11/003,2011-01-06,Thu,4,7,14,15,19,26,43
11/004,2011-01-08,Sat,10,12,18,21,27,33,4
11/005,2011-01-11,Tue,1,2,29,37,42,48,38
11/006,2011-01-13,Thu,17,19,25,36,40,44,10
11/007,2011-01-15,Sat,13,18,29,31,32,46,2
11/008,2011-01-18,Tue,9,15,21,31,33,41,37
11/009,2011-01-20,Thu,5,21,28,30,37,42,48
11/010,2011-01-22,Sat,1,15,30,39,45,49,37
11/011,2011-01-25,Tue,9,14,16,17,21,26,20
11/012,2011-01-27,Thu,1,6,14,25,29,35,48
11/013,2011-01-29,Sat,5,8,9,10,29,49,46
11/014,2011-02-01,Tue,1,8,22,32,46,48,9
11/015,2011-02-03,Thu,6,8,10,28,36,37,21
11/016,2011-02-06,Sun,1,2,16,27,31,47,19
11/017,2011-02-08,Tue,11,21,27,28,32,34,17
11/018,2011-02-10,Thu,2,3,9,18,20,36,12
11/019,2011-02-13,Sun,10,13,20,24,37,47,16
11/020,2011-02-15,Tue,16,17,18,27,38,41,30
11/021,2011-02-17,Thu,9,24,25,30,35,37,45
11/022,2011-02-19,Sat,13,16,18,23,34,42,40
11/023,2011-02-22,Tue,3,8,21,22,28,48,5
11/024,2011-02-24,Thu,7,26,27,29,30,41,44
11/025,2011-02-26,Sat,1,24,28,33,37,47,49
11/026,2011-03-01,Tue,4,25,30,41,43,45,29
11/027,2011-03-03,Thu,8,9,13,17,33,49,30
11/028,2011-03-05,Sat,2,7,16,25,29,34,10
11/029,2011-03-08,Tue,4,15,23,33,37,47,22
11/030,2011-03-10,Thu,2,6,21,45,46,49,28
11/031,2011-03-13,Sun,6,14,26,27,30,43,21
11/032,2011-03-15,Tue,4,11,15,16,35,42,9
11/033,2011-03-17,Thu,4,5,23,31,39,48,20
11/034,2011-03-19,Sat,8,12,24,31,33,41,20
11/035,2011-03-22,Tue,18,24,26,34,38,45,15
11/036,2011-03-24,Thu,10,16,17,38,42,43,13
11/037,2011-03-26,Sat,2,12,20,25,31,47,29
11/038,2011-03-29,Tue,1,2,9,20,24,49,43
11/039,2011-03-31,Thu,6,23,24,38,39,40,32
11/040,2011-04-02,Sat,3,12,15,31,36,49,11
11/041,2011-04-05,Tue,8,10,26,29,41,44,9
11/042,2011-04-07,Thu,1,5,21,26,31,43,22
11/043,2011-04-10,Sun,6,10,24,34,37,47,12
11/044,2011-04-12,Tue,2,4,9,12,21,31,10
11/045,2011-04-14,Thu,12,14,23,32,37,39,28
11/046,2011-04-16,Sat,1,16,17,26,31,36,45
11/047,2011-04-19,Tue,1,8,18,20,22,46,28
11/048,2011-04-21,Thu,1,6,9,10,22,26,35
11/049,2011-04-23,Sat,2,4,26,30,31,43,38
11/050,2011-04-26,Tue,11,15,25,29,30,49,47
11/051,2011-04-28,Thu,1,6,15,30,33,49,3
11/052,2011-04-30,Sat,9,10,23,29,30,34,36
11/053,2011-05-03,Tue,2,3,13,23,34,38,5
11/054,2011-05-05,Thu,5,6,15,20,32,48,22
11/055,2011-05-08,Sun,10,14,26,29,39,41,6
11/056,2011-05-12,Thu,4,9,25,28,39,45,30
11/057,2011-05-14,Sat,4,10,15,22,33,35,48
11/058,2011-05-17,Tue,12,14,27,35,46,49,31
11/059,2011-05-20,Fri,13,15,18,30,32,48,8
11/060,2011-05-22,Sun,15,17,22,36,45,47,35
11/061,2011-05-24,Tue,11,20,31,33,39,48,4
11/062,2011-05-26,Thu,5,6,22,37,44,48,23
11/063,2011-05-28,Sat,7,13,34,38,43,44,10
11/064,2011-05-31,Tue,1,4,10,24,30,39,8
11/065,2011-06-02,Thu,2,7,18,23,39,47,17
11/066,2011-06-04,Sat,7,8,33,36,46,49,18
11/067,2011-06-07,Tue,22,24,33,36,42,49,38
11/068,2011-06-09,Thu,3,5,6,15,39,42,35
11/069,2011-06-12,Sun,1,4,13,17,35,44,22
11/070,2011-06-14,Tue,12,13,19,22,39,48,46
11/071,2011-06-16,Thu,4,12,26,44,47,48,2
11/072,2011-06-18,Sat,14,16,38,44,48,49,39
11/073,2011-06-21,Tue,9,10,16,21,32,47,38
11/074,2011-06-23,Thu,2,15,27,32,43,49,42
11/075,2011-06-25,Sat,4,23,24,30,34,45,19
11/076,2011-06-28,Tue,4,15,17,43,45,47,38
11/077,2011-06-30,Thu,10,20,40,46,48,49,13
11/078,2011-07-02,Sat,5,13,31,33,34,35,27
11/079,2011-07-05,Tue,9,16,22,28,30,32,37
11/080,2011-07-07,Thu,10,14,29,35,40,46,30
11/081,2011-07-09,Sat,1,10,11,13,42,48,15
11/082,2011-07-12,Tue,16,18,28,33,41,45,29
11/083,2011-07-14,Thu,11,13,33,37,45,48,36
11/084,2011-07-16,Sat,11,17,20,31,48,49,35
11/085,2011-07-19,Tue,3,10,31,40,41,43,20
11/086,2011-07-21,Thu,6,18,26,28,30,49,22
11/087,2011-07-24,Sun,7,8,27,29,37,48,21
11/088,2011-07-26,Tue,15,25,26,34,35,41,10
11/089,2011-07-28,Thu,11,21,30,36,42,47,34
11/090,2011-07-30,Sat,6,29,44,45,46,47,30
11/091,2011-08-02,Tue,11,14,21,24,25,47,36
11/092,2011-08-04,Thu,2,11,25,32,34,39,31
11/093,2011-08-06,Sat,9,30,31,34,42,45,24
11/094,2011-08-09,Tue,5,6,11,25,45,48,34
11/095,2011-08-11,Thu,4,6,7,25,35,37,48
11/096,2011-08-13,Sat,11,18,23,31,37,49,10
11/097,2011-08-16,Tue,5,8,9,10,22,38,7
11/098,2011-08-18,Thu,5,14,17,43,45,49,12
11/099,2011-08-20,Sat,13,15,17,23,26,47,1
11/100,2011-08-23,Tue,11,24,25,36,41,45,40
11/101,2011-08-25,Thu,6,10,17,20,25,28,2
11/102,2011-08-27,Sat,9,10,19,27,29,45,30
11/103,2011-08-30,Tue,9,15,24,46,48,49,6
11/104,2011-09-02,Fri,2,29,33,34,44,49,42
11/105,2011-09-04,Sun,4,18,21,22,39,46,29
11/106,2011-09-06,Tue,1,4,7,21,23,44,17
11/107,2011-09-08,Thu,14,18,22,30,39,44,32
11/108,2011-09-10,Sat,15,19,36,44,45,49,16
11/109,2011-09-13,Tue,11,13,16,19,28,46,22
11/110,2011-09-15,Thu,5,7,13,29,41,49,25
11/111,2011-09-17,Sat,6,12,14,25,35,43,42
11/112,2011-09-20,Tue,10,27,33,40,47,48,13
11/113,2011-09-22,Thu,8,10,19,27,39,44,6
11/114,2011-09-24,Sat,6,16,18,28,34,40,38
11/115,2011-09-27,Tue,4,22,23,37,40,49,13
11/116,2011-10-02,Sun,9,14,22,37,41,45,5
11/117,2011-10-04,Tue,1,4,9,15,37,39,47
11/118,2011-10-08,Sat,4,8,24,26,37,41,33
11/119,2011-10-11,Tue,2,6,22,25,33,39,46
11/120,2011-10-13,Thu,2,8,28,30,33,40,23
11/121,2011-10-15,Sat,11,24,28,37,41,43,13
11/122,2011-10-18,Tue,4,9,23,37,47,48,14
11/123,2011-10-20,Thu,2,16,23,32,34,35,40
11/124,2011-10-22,Sat,1,11,18,20,26,30,47
11/125,2011-10-25,Tue,17,22,26,27,29,35,44
11/126,2011-10-27,Thu,1,9,22,43,46,48,49
11/127,2011-10-29,Sat,5,12,15,17,18,39,47
11/128,2011-11-01,Tue,8,15,19,21,24,44,10
11/129,2011-11-03,Thu,1,3,21,34,41,44,43
11/130,2011-11-06,Sun,1,3,7,11,16,34,49
11/131,2011-11-08,Tue,2,23,30,34,40,42,48
11/132,2011-11-10,Thu,4,7,9,20,37,49,33
11/133,2011-11-12,Sat,10,17,29,33,42,48,35
11/134,2011-11-15,Tue,7,11,14,25,26,30,29
11/135,2011-11-17,Thu,3,6,23,24,42,44,35
11/136,2011-11-19,Sat,10,12,13,14,22,47,21
11/137,2011-11-22,Tue,7,21,24,31,43,47,5
11/138,2011-11-24,Thu,3,5,19,35,38,41,32
11/139,2011-11-26,Sat,4,22,33,39,42,47,14
11/140,2011-11-29,Tue,3,6,13,37,40,42,29
11/141,2011-12-01,Thu,1,3,8,22,28,33,5
11/142,2011-12-03,Sat,2,3,9,18,23,37,31
11/143,2011-12-06,Tue,1,2,5,6,11,43,25
11/144,2011-12-08,Thu,5,20,22,28,36,48,1
11/145,2011-12-10,Sat,3,14,21,25,27,42,34
11/146,2011-12-13,Tue,3,25,32,36,38,40,31
11/147,2011-12-15,Thu,9,21,29,34,43,47,32
11/148,2011-12-18,Sun,1,2,23,35,38,46,5
11/149,2011-12-20,Tue,26,29,31,37,43,49,2
11/150,2011-12-22,Thu,5,16,18,28,37,49,24
11/151,2011-12-24,Sat,1,4,17,24,27,43,41
11/152,2011-12-26,Mon,8,30,31,37,38,48,5
11/153,2011-12-29,Thu,7,10,21,23,29,39,1
11/154,2011-12-31,Sat,2,3,27,40,44,49,38
12/001,2012-01-03,Tue,5,12,31,34,37,45,10
12/002,2012-01-05,Thu,9,11,33,43,46,48,2
12/003,2012-01-07,Sat,3,7,10,31,32,35,30
12/004,2012-01-10,Tue,3,20,26,31,32,35,12
12/005,2012-01-12,Thu,15,27,32,36,44,48,47
12/006,2012-01-14,Sat,10,13,20,24,29,36,14
12/007,2012-01-17,Tue,16,23,24,35,36,44,1
12/008,2012-01-19,Thu,1,2,14,18,25,39,31
12/009,2012-01-22,Sun,10,14,18,20,34,47,41
12/010,2012-01-26,Thu,3,10,11,17,29,34,15
12/011,2012-01-31,Tue,22,27,28,29,42,46,49
12/012,2012-02-02,Thu,14,20,21,38,45,46,47
12/013,2012-02-04,Sat,6,12,16,20,27,38,7
12/014,2012-02-07,Tue,11,16,30,34,41,45,47
12/015,2012-02-09,Thu,3,12,20,33,34,41,43
12/016,2012-02-12,Sun,7,9,33,34,39,41,48
12/017,2012-02-14,Tue,10,14,21,37,39,49,25
12/018,2012-02-16,Thu,4,12,18,25,42,44,8
12/019,2012-02-18,Sat,5,12,16,17,41,46,15
12/020,2012-02-21,Tue,1,11,12,15,35,49,17
12/021,2012-02-23,Thu,1,5,15,22,43,47,37
12/022,2012-02-25,Sat,12,14,24,26,27,49,22
12/023,2012-02-28,Tue,8,9,24,28,37,49,47
12/024,2012-03-01,Thu,25,30,31,34,40,47,13
12/025,2012-03-03,Sat,1,3,4,8,21,28,5
12/026,2012-03-06,Tue,3,7,28,31,33,36,32
12/027,2012-03-08,Thu,3,5,9,17,35,36,43
12/028,2012-03-11,Sun,10,23,33,39,42,48,34
12/029,2012-03-13,Tue,7,8,26,43,47,48,12
12/030,2012-03-15,Thu,4,28,31,34,48,49,6
12/031,2012-03-17,Sat,4,6,13,18,23,45,15
12/032,2012-03-20,Tue,11,13,18,29,44,46,37
12/033,2012-03-22,Thu,2,35,38,47,48,49,41
12/034,2012-03-24,Sat,3,23,32,35,43,49,34
12/035,2012-03-27,Tue,2,7,17,25,30,43,38
12/036,2012-03-29,Thu,10,16,21,28,29,31,8
12/037,2012-03-31,Sat,11,19,30,33,37,44,18
12/038,2012-04-03,Tue,20,21,28,44,46,47,42
12/039,2012-04-05,Thu,13,15,17,18,41,45,14
12/040,2012-04-07,Sat,3,14,22,24,34,49,44
12/041,2012-04-10,Tue,4,11,16,26,42,47,6
12/042,2012-04-12,Thu,2,11,16,17,25,28,41
12/043,2012-04-14,Sat,3,15,19,20,32,40,25
12/044,2012-04-17,Tue,6,7,17,19,35,46,4
12/045,2012-04-19,Thu,5,12,13,20,37,41,23
12/046,2012-04-22,Sun,1,3,11,21,41,42,2
12/047,2012-04-24,Tue,1,17,28,29,31,34,45
12/048,2012-04-26,Thu,7,10,11,17,22,30,14
12/049,2012-04-28,Sat,11,17,19,20,29,32,38
12/050,2012-05-01,Tue,5,17,19,26,32,33,22
12/051,2012-05-03,Thu,2,20,28,46,47,49,3
12/052,2012-05-05,Sat,4,11,17,29,39,49,8
12/053,2012-05-08,Tue,4,9,10,17,33,34,35
12/054,2012-05-10,Thu,13,17,23,32,34,46,41
12/055,2012-05-13,Sun,16,21,30,34,39,45,4
12/056,2012-05-15,Tue,5,14,16,22,23,33,32
12/057,2012-05-17,Thu,1,10,15,21,27,37,40
12/058,2012-05-20,Sun,3,17,23,26,41,47,33
12/059,2012-05-22,Tue,1,8,22,26,32,37,41
12/060,2012-05-24,Thu,2,5,8,29,40,47,34
12/061,2012-05-26,Sat,9,10,20,22,38,49,7
12/062,2012-05-29,Tue,8,18,20,22,31,37,46
12/063,2012-05-31,Thu,4,9,24,31,39,47,38
12/064,2012-06-02,Sat,9,14,19,20,43,47,37
12/065,2012-06-05,Tue,10,21,26,34,35,43,37
12/066,2012-06-07,Thu,4,17,20,29,39,48,9
12/067,2012-06-10,Sun,8,15,18,37,39,44,6
12/068,2012-06-12,Tue,7,14,16,25,30,36,32
12/069,2012-06-16,Sat,2,4,6,7,13,29,9
12/070,2012-06-19,Tue,10,13,26,40,42,48,24
12/071,2012-06-21,Thu,2,5,8,13,17,35,28
12/072,2012-06-23,Sat,9,14,17,34,40,48,39
12/073,2012-06-26,Tue,6,19,26,28,37,49,47
12/074,2012-06-28,Thu,3,6,14,19,27,36,24
12/075,2012-06-30,Sat,10,13,28,32,37,41,1
12/076,2012-07-03,Tue,6,10,12,14,31,38,20
12/077,2012-07-05,Thu,2,3,11,24,26,27,44
12/078,2012-07-07,Sat,1,4,5,22,44,46,37
12/079,2012-07-10,Tue,4,7,13,28,36,49,3
12/080,2012-07-12,Thu,2,13,33,39,40,44,43
12/081,2012-07-14,Sat,2,6,16,24,41,46,27
12/082,2012-07-17,Tue,8,11,17,24,30,49,3
12/083,2012-07-19,Thu,9,20,30,34,35,46,29
12/084,2012-07-21,Sat,7,19,23,30,34,45,13
12/085,2012-07-24,Tue,10,11,15,22,23,45,31
12/086,2012-07-26,Thu,9,11,13,22,24,44,32
12/087,2012-07-28,Sat,18,25,38,40,44,45,5
12/088,2012-07-31,Tue,2,10,16,23,35,47,1
12/089,2012-08-02,Thu,9,11,12,22,28,49,7
12/090,2012-08-04,Sat,8,15,20,41,42,49,12
12/091,2012-08-07,Tue,2,9,13,40,44,46,10
12/092,2012-08-09,Thu,10,13,20,22,42,46,48
12/093,2012-08-11,Sat,5,11,12,31,41,42,16
12/094,2012-08-14,Tue,2,13,16,34,37,47,28
12/095,2012-08-16,Thu,5,6,13,19,23,34,8
12/096,2012-08-18,Sat,7,10,22,32,34,48,45
12/097,2012-08-21,Tue,1,7,12,17,36,38,48
12/098,2012-08-23,Thu,13,15,25,28,45,47,5
12/099,2012-08-25,Sat,3,7,21,22,38,47,27
12/100,2012-08-28,Tue,7,17,24,29,47,49,45
12/101,2012-08-30,Thu,7,11,15,21,26,34,38
12/102,2012-09-01,Sat,9,12,15,19,21,47,38
12/103,2012-09-04,Tue,20,24,34,36,43,45,3
12/104,2012-09-06,Thu,6,13,33,38,41,43,29
12/105,2012-09-09,Sun,4,7,12,15,27,34,37
12/106,2012-09-11,Tue,4,11,25,27,39,41,43
12/107,2012-09-13,Thu,16,20,22,31,42,48,43
12/108,2012-09-15,Sat,6,7,18,21,27,48,42
12/109,2012-09-18,Tue,15,26,27,38,42,43,39
12/110,2012-09-22,Sat,2,13,33,35,38,49,40
12/111,2012-09-25,Tue,1,4,17,20,28,32,47
12/112,2012-09-27,Thu,1,3,10,15,17,40,28
12/113,2012-09-29,Sat,2,8,16,17,20,26,32
12/114,2012-10-02,Tue,12,24,25,33,37,44,13
12/115,2012-10-07,Sun,1,10,12,13,29,47,9
12/116,2012-10-09,Tue,15,17,21,22,27,36,16
12/117,2012-10-11,Thu,1,3,11,18,40,46,35
12/118,2012-10-13,Sat,5,6,11,26,33,41,4
12/119,2012-10-16,Tue,9,17,27,35,39,44,40
12/120,2012-10-18,Thu,4,6,10,14,16,29,26
12/121,2012-10-20,Sat,4,19,31,34,37,44,6
12/122,2012-10-23,Tue,11,28,29,41,45,47,21
12/123,2012-10-25,Thu,8,17,23,40,41,43,28
12/124,2012-10-27,Sat,26,28,30,34,36,39,1
12/125,2012-10-30,Tue,1,20,28,30,34,40,19
12/126,2012-11-01,Thu,15,18,24,28,34,42,2
12/127,2012-11-03,Sat,1,12,33,36,46,48,41
12/128,2012-11-06,Tue,1,6,8,28,37,39,42
12/129,2012-11-08,Thu,15,26,31,37,44,47,43
12/130,2012-11-11,Sun,9,26,28,35,45,47,25
12/131,2012-11-13,Tue,3,5,25,26,29,30,31
12/132,2012-11-15,Thu,18,20,36,41,46,48,21
12/133,2012-11-17,Sat,7,12,24,39,43,48,30
12/134,2012-11-20,Tue,2,11,20,37,45,47,13
12/135,2012-11-22,Thu,9,22,26,30,44,49,31
12/136,2012-11-24,Sat,2,3,4,15,23,40,13
12/137,2012-11-27,Tue,8,20,21,24,34,47,10
12/138,2012-11-29,Thu,13,17,26,28,32,34,6
12/139,2012-12-01,Sat,10,16,17,27,36,38,47
12/140,2012-12-04,Tue,7,10,11,18,37,47,4
12/141,2012-12-06,Thu,1,6,38,41,43,45,48
12/142,2012-12-08,Sat,15,22,30,33,34,47,38
12/143,2012-12-11,Tue,2,15,28,41,42,49,24
12/144,2012-12-13,Thu,6,9,29,31,42,47,14
12/145,2012-12-15,Sat,18,21,28,33,41,47,48
12/146,2012-12-18,Tue,8,14,21,41,45,48,34
12/147,2012-12-20,Thu,4,12,25,34,36,40,49
12/148,2012-12-23,Sun,9,27,28,32,34,43,2
12/149,2012-12-25,Tue,12,18,23,24,46,49,14
12/150,2012-12-27,Thu,4,7,29,39,44,47,23
12/151,2012-12-29,Sat,1,6,9,11,33,39,40
12/152,2012-12-31,Mon,5,6,25,30,32,48,45
13/001,2013-01-03,Thu,17,25,32,33,46,48,39
13/002,2013-01-08,Tue,14,19,20,21,29,49,7
13/003,2013-01-10,Thu,2,9,24,34,41,45,48
13/004,2013-01-13,Sun,3,6,19,21,31,49,7
13/005,2013-01-15,Tue,3,4,7,24,27,31,13
13/006,2013-01-17,Thu,2,8,14,25,43,44,11
13/007,2013-01-19,Sat,3,12,19,21,31,48,26
13/008,2013-01-22,Tue,2,4,20,22,30,37,1
13/009,2013-01-24,Thu,1,2,3,9,20,49,24
13/010,2013-01-26,Sat,2,29,41,42,45,48,5
13/011,2013-01-29,Tue,8,20,26,36,44,47,28
13/012,2013-01-31,Thu,16,22,27,35,38,46,32
13/013,2013-02-03,Sun,2,17,23,39,47,48,22
13/014,2013-02-05,Tue,5,19,31,32,34,45,13
13/015,2013-02-07,Thu,3,8,12,18,22,33,37
13/016,2013-02-09,Sat,4,8,10,35,46,47,32
13/017,2013-02-14,Thu,11,16,24,27,36,48,47
13/018,2013-02-16,Sat,3,12,30,35,37,38,18
13/019,2013-02-19,Tue,5,18,19,32,40,44,34
13/020,2013-02-21,Thu,11,14,21,22,32,49,7
13/021,2013-02-23,Sat,12,19,23,30,35,36,15
13/022,2013-02-26,Tue,1,4,15,16,18,36,21
13/023,2013-02-28,Thu,10,11,23,26,28,30,17
13/024,2013-03-03,Sun,7,8,26,31,35,39,37
13/025,2013-03-05,Tue,4,6,8,35,36,43,5
13/026,2013-03-07,Thu,8,9,24,35,39,41,2
13/027,2013-03-09,Sat,9,18,24,34,40,43,28
13/028,2013-03-12,Tue,13,15,17,30,38,45,4
13/029,2013-03-14,Thu,3,4,15,16,17,46,12
13/030,2013-03-16,Sat,6,9,31,41,45,47,18
13/031,2013-03-19,Tue,3,12,15,28,29,34,8
13/032,2013-03-21,Thu,1,4,13,22,39,42,34
13/033,2013-03-23,Sat,6,9,17,25,33,42,27
13/034,2013-03-26,Tue,10,15,26,35,40,44,11
13/035,2013-03-28,Thu,12,17,31,38,44,45,43
13/036,2013-03-30,Sat,4,6,19,25,34,43,17
13/037,2013-04-02,Tue,2,4,9,31,33,46,5
13/038,2013-04-04,Thu,2,7,11,15,17,27,4
13/039,2013-04-06,Sat,10,12,16,29,41,48,25
13/040,2013-04-09,Tue,2,3,25,28,35,43,39
13/041,2013-04-11,Thu,11,18,20,24,29,49,2
13/042,2013-04-13,Sat,8,16,29,40,46,47,18
13/043,2013-04-16,Tue,11,15,21,27,38,43,48
13/044,2013-04-18,Thu,4,5,14,17,22,39,9
13/045,2013-04-21,Sun,9,10,15,33,40,49,48
13/046,2013-04-23,Tue,7,20,23,29,35,41,6
13/047,2013-04-25,Thu,14,15,17,22,38,48,19
13/048,2013-04-27,Sat,4,7,16,23,26,28,9
13/049,2013-04-30,Tue,4,18,24,30,31,49,36
13/050,2013-05-02,Thu,1,5,28,31,44,46,14
13/051,2013-05-04,Sat,1,10,29,40,44,49,33
13/052,2013-05-07,Tue,5,9,14,24,29,37,36
13/053,2013-05-09,Thu,12,14,15,16,22,34,13
13/054,2013-05-12,Sun,1,6,11,16,20,25,22
13/055,2013-05-14,Tue,2,11,16,19,44,47,27
13/056,2013-05-16,Thu,7,18,27,32,42,48,17
13/057,2013-05-19,Sun,4,14,24,30,43,48,34
13/058,2013-05-21,Tue,11,12,16,18,23,31,36
13/059,2013-05-23,Thu,12,24,27,45,47,49,6
13/060,2013-05-25,Sat,3,8,10,25,26,40,38
13/061,2013-05-28,Tue,1,4,5,6,9,25,27
13/062,2013-05-30,Thu,15,17,22,27,36,46,23
13/063,2013-06-01,Sat,1,23,27,36,45,49,7
13/064,2013-06-04,Tue,9,17,26,36,40,48,2
13/065,2013-06-06,Thu,10,16,20,28,32,48,30
13/066,2013-06-09,Sun,15,18,22,24,42,44,28
13/067,2013-06-11,Tue,1,14,21,35,39,40,5
13/068,2013-06-13,Thu,3,11,26,32,35,43,1
13/069,2013-06-15,Sat,9,14,27,29,42,45,44
13/070,2013-06-18,Tue,9,22,23,31,45,47,39
13/071,2013-06-20,Thu,11,14,16,29,31,46,30
13/072,2013-06-22,Sat,23,25,34,40,42,46,39
13/073,2013-06-25,Tue,17,20,29,35,38,40,22
13/074,2013-06-27,Thu,16,34,37,42,47,48,17
13/075,2013-06-29,Sat,1,3,4,26,34,37,14
13/076,2013-07-02,Tue,7,19,28,33,43,45,13
13/077,2013-07-06,Sat,6,9,27,29,43,47,17
13/078,2013-07-09,Tue,1,4,15,38,40,46,49
13/079,2013-07-11,Thu,14,26,28,38,39,45,8
13/080,2013-07-13,Sat,7,14,18,23,32,46,42
13/081,2013-07-16,Tue,3,18,19,20,37,47,25
13/082,2013-07-18,Thu,14,18,28,32,36,46,44
13/083,2013-07-21,Sun,3,17,20,26,33,47,34
13/084,2013-07-23,Tue,6,8,17,22,28,32,20
13/085,2013-07-25,Thu,20,23,27,32,34,49,30
13/086,2013-07-27,Sat,1,3,7,22,28,36,21
13/087,2013-07-30,Tue,8,12,31,33,42,44,49
13/088,2013-08-01,Thu,6,8,10,19,20,22,42
13/089,2013-08-03,Sat,5,6,12,23,38,39,48
13/090,2013-08-06,Tue,4,11,15,19,32,44,42
13/091,2013-08-08,Thu,13,15,23,25,26,29,9
13/092,2013-08-10,Sat,3,10,20,30,41,44,31
13/093,2013-08-13,Tue,1,6,31,41,42,49,44
13/094,2013-08-15,Thu,10,16,22,26,31,42,23
13/095,2013-08-17,Sat,9,14,30,31,32,49,1
13/096,2013-08-20,Tue,13,14,15,31,46,48,36
13/097,2013-08-22,Thu,1,16,25,33,41,49,46
13/098,2013-08-24,Sat,3,6,10,14,15,20,33
13/099,2013-08-27,Tue,9,14,29,30,32,36,20
13/100,2013-08-29,Thu,24,25,28,35,38,47,16
13/101,2013-08-31,Sat,3,6,17,18,42,43,36
13/102,2013-09-03,Tue,21,25,26,33,35,39,17
13/103,2013-09-05,Thu,1,7,22,28,29,49,37
13/104,2013-09-07,Sat,7,10,17,18,28,30,6
13/105,2013-09-10,Tue,8,12,19,39,48,49,17
13/106,2013-09-12,Thu,1,14,26,28,31,48,36
13/107,2013-09-14,Sat,6,21,29,39,40,47,33
13/108,2013-09-16,Mon,17,22,31,39,45,47,49
13/109,2013-09-19,Thu,3,15,18,26,45,49,41
13/110,2013-09-21,Sat,22,25,35,36,39,47,31
13/111,2013-09-24,Tue,13,25,26,29,30,39,19
13/112,2013-09-26,Thu,3,6,7,9,11,28,34
13/113,2013-09-28,Sat,33,39,40,43,48,49,34
13/114,2013-09-30,Mon,1,11,29,40,43,44,4
13/115,2013-10-03,Thu,14,17,26,32,35,41,15
13/116,2013-10-05,Sat,4,6,9,29,31,36,20
13/117,2013-10-08,Tue,1,3,6,7,15,27,30
13/118,2013-10-10,Thu,8,9,11,16,17,38,20
13/119,2013-10-13,Sun,24,28,35,37,42,48,38
13/120,2013-10-15,Tue,4,20,27,33,41,46,12
13/121,2013-10-17,Thu,1,11,24,35,44,45,49
13/122,2013-10-19,Sat,1,10,31,41,44,47,18
13/123,2013-10-22,Tue,5,9,34,36,41,49,26
13/124,2013-10-24,Thu,9,10,22,24,43,44,30
13/125,2013-10-26,Sat,6,15,30,38,47,48,40
13/126,2013-10-29,Tue,1,20,22,25,34,47,17
13/127,2013-10-31,Thu,2,9,29,43,46,47,21
13/128,2013-11-02,Sat,8,18,19,29,31,34,36
13/129,2013-11-05,Tue,4,22,25,37,38,42,20
13/130,2013-11-07,Thu,4,9,14,26,30,42,21
13/131,2013-11-10,Sun,13,31,32,35,39,42,16
13/132,2013-11-12,Tue,18,19,21,28,47,49,46
13/133,2013-11-14,Thu,3,8,10,25,29,34,32
13/134,2013-11-16,Sat,1,8,17,32,39,43,48
13/135,2013-11-19,Tue,12,27,35,44,47,49,36
13/136,2013-11-21,Thu,3,6,8,23,25,49,4
13/137,2013-11-23,Sat,3,18,20,21,30,41,13
13/138,2013-11-26,Tue,9,10,12,31,34,44,18
13/139,2013-11-28,Thu,3,6,21,33,34,43,9
13/140,2013-11-30,Sat,2,15,19,34,42,45,14
13/141,2013-12-03,Tue,1,17,24,29,39,40,21
13/142,2013-12-05,Thu,1,16,17,19,26,46,29
13/143,2013-12-07,Sat,5,18,24,26,41,44,20
13/144,2013-12-10,Tue,1,8,17,30,36,46,16
13/145,2013-12-12,Thu,10,19,24,28,31,34,27
13/146,2013-12-14,Sat,6,14,15,38,46,49,29
13/147,2013-12-17,Tue,1,8,15,19,20,33,47
13/148,2013-12-19,Thu,4,14,31,39,43,47,27
13/149,2013-12-22,Sun,12,13,18,41,43,49,39
13/150,2013-12-25,Wed,4,21,25,45,47,49,6
13/151,2013-12-28,Sat,4,9,20,32,42,43,5
13/152,2013-12-31,Tue,7,9,12,40,42,44,14
14/001,2014-01-02,Thu,1,36,38,43,46,49,21
14/002,2014-01-04,Sat,6,16,31,32,44,49,43
14/003,2014-01-07,Tue,9,16,30,31,38,41,46
14/004,2014-01-09,Thu,4,15,16,28,39,45,25
14/005,2014-01-12,Sun,3,16,36,39,42,44,17
14/006,2014-01-14,Tue,9,11,27,31,33,34,21
14/007,2014-01-16,Thu,9,15,16,17,18,37,33
14/008,2014-01-18,Sat,3,17,18,26,28,44,38
14/009,2014-01-21,Tue,8,20,23,34,37,49,44
14/010,2014-01-23,Thu,4,5,18,21,27,31,7
14/011,2014-01-25,Sat,5,20,37,38,43,48,6
14/012,2014-01-28,Tue,4,20,27,30,31,37,18
14/013,2014-01-30,Thu,2,3,4,16,26,36,45
14/014,2014-02-04,Tue,11,13,15,39,48,49,37
14/015,2014-02-06,Thu,26,27,32,33,37,45,39
14/016,2014-02-09,Sun,20,21,35,37,47,48,14
14/017,2014-02-11,Tue,7,10,24,25,27,29,19
14/018,2014-02-13,Thu,19,23,25,40,46,49,30
14/019,2014-02-15,Sat,2,14,30,32,36,45,11
14/020,2014-02-18,Tue,15,21,23,25,34,45,35
14/021,2014-02-20,Thu,3,5,24,26,31,40,45
14/022,2014-02-22,Sat,2,23,24,29,33,35,14
14/023,2014-02-25,Tue,8,26,39,40,41,43,5
14/024,2014-02-27,Thu,5,9,15,24,28,35,44
14/025,2014-03-02,Sun,11,16,19,21,38,46,34
14/026,2014-03-04,Tue,3,13,16,19,27,33,22
14/027,2014-03-06,Thu,6,10,20,27,39,46,38
14/028,2014-03-08,Sat,2,3,16,17,24,32,40
14/029,2014-03-11,Tue,4,6,15,28,30,33,27
14/030,2014-03-13,Thu,7,10,17,19,20,22,30
14/031,2014-03-15,Sat,2,15,21,24,29,46,27
14/032,2014-03-18,Tue,2,17,23,35,42,48,27
14/033,2014-03-20,Thu,1,9,18,25,37,48,14
14/034,2014-03-22,Sat,11,20,21,26,34,49,4
14/035,2014-03-25,Tue,22,28,35,36,44,45,6
14/036,2014-03-27,Thu,7,23,35,42,45,49,36
14/037,2014-03-29,Sat,2,10,12,18,24,33,11
14/038,2014-04-01,Tue,22,33,36,43,48,49,25
14/039,2014-04-03,Thu,4,9,25,26,27,28,3
14/040,2014-04-05,Sat,10,19,38,39,44,45,31
14/041,2014-04-08,Tue,11,24,31,45,46,47,6
14/042,2014-04-10,Thu,4,18,21,31,42,49,25
14/043,2014-04-12,Sat,6,18,20,28,43,45,13
14/044,2014-04-15,Tue,6,14,16,28,41,45,27
14/045,2014-04-17,Thu,12,14,17,23,24,45,42
14/046,2014-04-19,Sat,20,21,32,35,46,47,3
14/047,2014-04-22,Tue,1,3,12,29,36,41,14
14/048,2014-04-24,Thu,1,17,28,32,39,40,16
14/049,2014-04-26,Sat,9,12,22,27,36,47,46
14/050,2014-04-29,Tue,2,8,15,26,37,45,14
14/051,2014-05-01,Thu,1,14,28,29,37,43,30
14/052,2014-05-03,Sat,2,6,13,16,30,36,25
14/053,2014-05-06,Tue,10,23,33,36,39,44,30
14/054,2014-05-08,Thu,2,10,12,30,37,39,48
14/055,2014-05-11,Sun,11,16,26,38,45,49,5
14/056,2014-05-13,Tue,9,20,22,32,35,41,8
14/057,2014-05-15,Thu,9,12,16,24,34,35,7
14/058,2014-05-18,Sun,9,12,21,27,37,45,7
14/059,2014-05-20,Tue,10,16,33,34,44,47,6
14/060,2014-05-22,Thu,9,17,28,31,35,37,19
14/061,2014-05-24,Sat,2,4,14,30,39,41,49
14/062,2014-05-27,Tue,3,10,16,30,34,44,1
14/063,2014-05-29,Thu,4,14,19,24,26,48,35
14/064,2014-05-31,Sat,2,10,28,32,37,47,31
14/065,2014-06-02,Mon,3,13,19,20,36,39,15
14/066,2014-06-04,Wed,10,11,25,33,40,46,6
14/067,2014-06-07,Sat,4,8,13,19,44,48,27
14/068,2014-06-10,Tue,1,30,32,35,37,44,40
14/069,2014-06-12,Thu,3,18,21,41,44,45,15
14/070,2014-06-17,Tue,3,4,15,16,23,45,21
14/071,2014-06-19,Thu,3,17,24,30,31,44,7
14/072,2014-06-21,Sat,2,17,37,40,45,49,48
14/073,2014-06-24,Tue,18,24,25,30,31,35,36
14/074,2014-06-26,Thu,2,20,40,42,47,48,28
14/075,2014-06-29,Sun,15,23,26,38,46,47,21
14/076,2014-07-03,Thu,14,17,34,37,43,48,20
14/077,2014-07-05,Sat,10,14,32,36,37,38,47
14/078,2014-07-08,Tue,4,16,22,27,38,39,36
14/079,2014-07-10,Thu,1,2,9,17,22,25,8
14/080,2014-07-12,Sat,3,11,13,23,40,49,43
14/081,2014-07-15,Tue,2,5,9,32,41,42,44
14/082,2014-07-17,Thu,1,20,28,30,42,43,10
14/083,2014-07-19,Sat,1,9,30,40,41,48,49
14/084,2014-07-22,Tue,1,3,14,16,24,41,13
14/085,2014-07-24,Thu,4,5,21,31,36,38,14
14/086,2014-07-26,Sat,1,4,15,17,36,42,40
14/087,2014-07-29,Tue,11,13,15,31,37,47,19
14/088,2014-07-31,Thu,12,22,27,35,44,48,38
14/089,2014-08-02,Sat,3,22,23,26,42,48,28
14/090,2014-08-05,Tue,5,7,8,18,24,29,14
14/091,2014-08-07,Thu,5,14,31,32,36,46,11
14/092,2014-08-09,Sat,1,9,15,31,33,41,37
14/093,2014-08-12,Tue,7,9,27,31,36,39,32
14/094,2014-08-14,Thu,4,8,14,23,48,49,11
14/095,2014-08-16,Sat,23,26,27,37,42,46,15
14/096,2014-08-19,Tue,2,5,27,32,42,46,16
14/097,2014-08-21,Thu,10,14,26,29,30,31,18
14/098,2014-08-23,Sat,4,12,14,24,32,38,13
14/099,2014-08-26,Tue,25,29,32,33,37,44,47
14/100,2014-08-28,Thu,11,17,24,27,31,38,49
14/101,2014-08-30,Sat,15,18,24,27,39,49,6
14/102,2014-09-02,Tue,26,28,37,43,45,47,25
14/103,2014-09-04,Thu,11,14,34,36,43,46,1
14/104,2014-09-09,Tue,7,25,27,36,39,42,31
14/105,2014-09-13,Sat,3,12,40,43,48,49,32
14/106,2014-09-16,Tue,4,15,17,22,34,43,35
14/107,2014-09-18,Thu,6,16,20,25,27,45,29
14/108,2014-09-20,Sat,3,16,32,38,40,48,27
14/109,2014-09-23,Tue,12,13,20,28,41,43,23
14/110,2014-09-25,Thu,3,19,42,44,48,49,38
14/111,2014-09-28,Sun,6,10,12,26,28,35,24
14/112,2014-09-30,Tue,10,16,20,39,45,46,47
14/113,2014-10-02,Thu,4,10,24,29,33,35,7
14/114,2014-10-04,Sat,5,14,22,24,27,45,8
14/115,2014-10-07,Tue,12,13,26,33,42,49,48
14/116,2014-10-09,Thu,2,12,14,23,40,46,39
14/117,2014-10-11,Sat,26,29,34,35,37,47,8
14/118,2014-10-14,Tue,1,5,8,17,20,37,33
14/119,2014-10-16,Thu,4,9,34,39,48,49,18
14/120,2014-10-18,Sat,12,19,22,36,40,47,25
14/121,2014-10-21,Tue,6,9,17,18,29,34,42
14/122,2014-10-23,Thu,11,14,28,29,37,41,19
14/123,2014-10-25,Sat,1,13,39,40,41,43,18
14/124,2014-10-28,Tue,16,26,30,37,43,47,31
14/125,2014-10-30,Thu,3,19,29,36,47,49,33
14/126,2014-11-01,Sat,9,10,11,20,26,44,31
14/127,2014-11-04,Tue,16,23,29,30,37,38,33
14/128,2014-11-06,Thu,4,10,12,14,29,48,3
14/129,2014-11-08,Sat,7,8,15,32,34,39,43
14/130,2014-11-11,Tue,3,5,9,19,48,49,26
14/131,2014-11-13,Thu,21,36,41,42,46,49,6
14/132,2014-11-16,Sun,7,15,32,33,34,43,10
14/133,2014-11-18,Tue,2,6,17,24,37,49,46
14/134,2014-11-20,Thu,8,16,19,33,35,46,12
14/135,2014-11-22,Sat,2,12,17,27,32,33,44
14/136,2014-11-25,Tue,6,35,41,42,44,47,19
14/137,2014-11-27,Thu,2,20,22,30,40,45,44
14/138,2014-11-29,Sat,7,26,29,32,33,37,31
14/139,2014-12-02,Tue,1,4,13,27,47,49,33
14/140,2014-12-04,Thu,1,8,20,27,33,36,35
14/141,2014-12-06,Sat,17,18,21,25,40,48,16
14/142,2014-12-09,Tue,3,4,13,29,31,41,46
14/143,2014-12-11,Thu,1,7,13,32,35,39,31
14/144,2014-12-13,Sat,12,14,17,20,40,48,19
14/145,2014-12-16,Tue,1,7,14,31,34,42,16
14/146,2014-12-18,Thu,6,8,10,21,25,29,33
14/147,2014-12-21,Sun,2,25,30,36,37,43,22
14/148,2014-12-23,Tue,1,4,12,14,35,47,33
14/149,2014-12-25,Thu,12,19,24,43,46,47,30
14/150,2014-12-27,Sat,14,15,28,31,32,48,40
14/151,2014-12-29,Mon,1,25,30,33,39,40,7
14/152,2014-12-31,Wed,10,19,25,32,33,37,27
15/001,2015-01-03,Sat,8,15,31,35,42,44,39
15/002,2015-01-06,Tue,3,14,16,18,38,49,29
15/003,2015-01-08,Thu,8,18,19,28,37,44,13
15/004,2015-01-11,Sun,10,21,24,33,40,47,5
15/005,2015-01-13,Tue,16,21,27,37,40,43,14
15/006,2015-01-15,Thu,1,2,14,37,43,49,24
15/007,2015-01-17,Sat,14,15,16,25,27,30,11
15/008,2015-01-20,Tue,5,7,9,13,15,29,47
15/009,2015-01-22,Thu,8,16,21,30,42,46,32
15/010,2015-01-24,Sat,17,18,20,26,31,32,6
15/011,2015-01-27,Tue,4,5,10,13,28,35,12
15/012,2015-01-29,Thu,6,15,25,29,32,46,9
15/013,2015-01-31,Sat,5,7,14,17,46,47,27
15/014,2015-02-03,Tue,11,34,36,43,47,49,21
15/015,2015-02-05,Thu,13,16,17,18,22,45,10
15/016,2015-02-08,Sun,5,7,17,18,27,48,30
15/017,2015-02-10,Tue,2,17,23,30,34,41,14
15/018,2015-02-12,Thu,7,9,10,14,22,31,35
15/019,2015-02-14,Sat,2,10,12,21,25,35,26
15/020,2015-02-17,Tue,14,22,28,33,44,46,25
15/021,2015-02-22,Sun,15,20,28,29,42,46,35
15/022,2015-02-24,Tue,17,18,28,32,33,48,37
15/023,2015-02-26,Thu,10,12,20,22,25,33,27
15/024,2015-02-28,Sat,6,9,23,25,41,43,38
15/025,2015-03-03,Tue,13,17,25,27,46,49,19
15/026,2015-03-05,Thu,2,6,10,20,38,40,46
15/027,2015-03-07,Sat,6,8,12,16,32,49,37
15/028,2015-03-10,Tue,1,18,22,27,45,48,25
15/029,2015-03-12,Thu,14,17,23,24,25,37,34
15/030,2015-03-14,Sat,4,21,25,29,32,37,27
15/031,2015-03-17,Tue,1,5,11,23,34,47,14
15/032,2015-03-19,Thu,12,15,17,30,31,43,46
15/033,2015-03-22,Sun,7,26,30,33,34,38,5
15/034,2015-03-24,Tue,2,5,13,37,42,44,27
15/035,2015-03-26,Thu,2,6,9,16,39,49,29
15/036,2015-03-28,Sat,6,11,16,29,30,37,34
15/037,2015-03-31,Tue,2,5,10,27,36,46,7
15/038,2015-04-02,Thu,4,12,20,37,42,47,35
15/039,2015-04-04,Sat,9,12,26,29,44,45,19
15/040,2015-04-06,Mon,21,24,26,42,43,46,4
15/041,2015-04-09,Thu,10,11,31,34,37,38,14
15/042,2015-04-11,Sat,6,17,18,19,20,42,25
15/043,2015-04-14,Tue,30,31,35,40,42,48,6
15/044,2015-04-16,Thu,1,3,5,20,35,39,28
15/045,2015-04-18,Sat,12,17,29,31,41,47,38
15/046,2015-04-21,Tue,3,13,20,24,43,48,49
15/047,2015-04-23,Thu,3,4,7,8,26,36,31
15/048,2015-04-25,Sat,12,19,21,24,36,49,23
15/049,2015-04-28,Tue,1,8,28,31,36,45,9
15/050,2015-04-30,Thu,6,8,30,34,36,42,12
15/051,2015-05-02,Sat,7,10,12,16,26,49,40
15/052,2015-05-05,Tue,11,13,41,42,43,49,29
15/053,2015-05-07,Thu,3,7,14,21,25,29,6
15/054,2015-05-10,Sun,2,13,15,38,39,44,8
15/055,2015-05-12,Tue,3,7,15,25,26,47,10
15/056,2015-05-14,Thu,5,17,22,34,38,48,2
15/057,2015-05-17,Sun,21,32,36,37,44,46,47
15/058,2015-05-19,Tue,21,27,28,33,37,48,13
15/059,2015-05-21,Thu,16,18,19,36,42,47,46
15/060,2015-05-23,Sat,5,10,13,43,44,45,7
15/061,2015-05-26,Tue,7,10,15,37,42,45,41
15/062,2015-05-28,Thu,2,7,20,23,44,47,30
15/063,2015-05-30,Sat,9,16,28,36,42,45,2
15/064,2015-06-02,Tue,11,12,15,21,38,42,25
15/065,2015-06-04,Thu,18,24,28,31,39,49,44
15/066,2015-06-06,Sat,9,11,14,22,27,49,44
15/067,2015-06-09,Tue,7,12,16,17,20,25,31
15/068,2015-06-11,Thu,10,13,35,38,42,44,27
15/069,2015-06-13,Sat,10,12,24,25,26,33,23
15/070,2015-06-16,Tue,13,16,24,26,40,44,42
15/071,2015-06-18,Thu,4,11,12,24,35,46,3
15/072,2015-06-20,Sat,12,16,31,34,42,48,37
15/073,2015-06-23,Tue,3,10,26,33,42,46,44
15/074,2015-06-25,Thu,1,5,26,28,40,49,15
15/075,2015-06-28,Sun,8,9,18,33,41,43,15
15/076,2015-06-30,Tue,12,14,21,27,38,43,15
15/077,2015-07-02,Thu,4,11,23,32,44,48,49
15/078,2015-07-04,Sat,9,24,32,34,43,47,35
15/079,2015-07-07,Tue,9,19,28,29,38,40,33
15/080,2015-07-11,Sat,2,5,17,22,27,28,37
15/081,2015-07-14,Tue,7,8,10,13,20,38,5
15/082,2015-07-16,Thu,16,18,22,23,35,38,25
15/083,2015-07-18,Sat,13,20,23,24,46,47,39
15/084,2015-07-21,Tue,4,14,15,19,41,42,10
15/085,2015-07-23,Thu,10,33,40,43,45,49,38
15/086,2015-07-26,Sun,4,11,15,26,28,30,13
15/087,2015-07-28,Tue,12,25,32,33,34,35,45
15/088,2015-07-30,Thu,4,5,11,17,24,48,46
15/089,2015-08-01,Sat,14,20,28,31,32,47,18
15/090,2015-08-04,Tue,5,9,13,15,21,23,12
15/091,2015-08-06,Thu,22,23,35,40,41,42,16
15/092,2015-08-08,Sat,10,12,19,25,42,46,37
15/093,2015-08-11,Tue,22,26,27,28,36,47,12
15/094,2015-08-13,Thu,1,4,8,21,22,24,46
15/095,2015-08-15,Sat,2,6,13,25,30,33,20
15/096,2015-08-18,Tue,7,17,34,41,43,49,1
15/097,2015-08-20,Thu,4,5,18,23,32,44,6
15/098,2015-08-22,Sat,2,26,31,32,36,37,12
15/099,2015-08-25,Tue,3,15,16,39,41,42,36
15/100,2015-08-27,Thu,9,13,29,30,39,45,48
15/101,2015-08-29,Sat,9,22,28,32,37,39,47
15/102,2015-09-01,Tue,5,6,8,10,31,36,17
15/103,2015-09-03,Thu,12,16,34,36,42,45,41
15/104,2015-09-05,Sat,15,16,20,26,36,40,46
15/105,2015-09-08,Tue,1,4,13,22,32,41,26
15/106,2015-09-10,Thu,1,11,13,23,35,36,34
15/107,2015-09-12,Sat,5,13,21,25,38,40,17
15/108,2015-09-15,Tue,3,5,17,22,25,27,46
15/109,2015-09-17,Thu,1,4,9,17,35,41,37
15/110,2015-09-22,Tue,2,11,12,25,36,43,10
15/111,2015-09-24,Thu,4,10,15,16,24,28,49
15/112,2015-09-26,Sat,6,15,16,18,37,43,2
15/113,2015-09-30,Wed,9,10,23,28,37,46,34
15/114,2015-10-03,Sat,8,10,16,30,39,40,6
15/115,2015-10-06,Tue,2,7,9,22,32,46,26
15/116,2015-10-08,Thu,8,17,28,34,39,40,14
15/117,2015-10-11,Sun,4,21,22,35,36,46,40
15/118,2015-10-13,Tue,1,4,22,30,33,34,26
15/119,2015-10-15,Thu,17,18,26,30,33,34,29
15/120,2015-10-17,Sat,2,12,19,33,34,48,24
15/121,2015-10-19,Mon,7,11,15,38,39,46,25
15/122,2015-10-21,Wed,1,14,16,25,40,48,17
15/123,2015-10-24,Sat,18,27,28,34,35,45,2
15/124,2015-10-27,Tue,20,22,31,33,39,44,10
15/125,2015-10-29,Thu,4,5,6,22,31,46,47
15/126,2015-10-31,Sat,4,10,28,37,42,48,8
15/127,2015-11-03,Tue,7,12,13,25,34,38,15
15/128,2015-11-05,Thu,5,10,11,25,27,44,7
15/129,2015-11-07,Sat,6,16,27,34,44,48,1
15/130,2015-11-10,Tue,4,14,28,42,43,47,3
15/131,2015-11-12,Thu,10,20,24,28,33,45,19
15/132,2015-11-15,Sun,13,15,24,28,41,45,20
15/133,2015-11-17,Tue,12,13,31,33,35,47,21
15/134,2015-11-19,Thu,13,15,25,40,41,48,19
15/135,2015-11-22,Sun,9,20,30,33,38,39,37
15/136,2015-11-24,Tue,17,21,22,36,41,44,38
15/137,2015-11-26,Thu,10,17,25,26,39,44,7
15/138,2015-11-28,Sat,15,21,24,25,28,31,48
15/139,2015-12-01,Tue,8,9,10,22,33,40,28
15/140,2015-12-03,Thu,4,11,14,41,42,44,10
15/141,2015-12-05,Sat,6,16,19,34,35,46,9
15/142,2015-12-08,Tue,9,10,25,40,48,49,32
15/143,2015-12-10,Thu,9,24,29,32,34,47,42
15/144,2015-12-12,Sat,16,18,27,35,42,44,33
15/145,2015-12-15,Tue,18,22,40,41,48,49,42
15/146,2015-12-17,Thu,18,20,24,36,44,45,39
15/147,2015-12-20,Sun,6,11,16,20,43,45,21
15/148,2015-12-22,Tue,11,28,36,38,44,48,26
15/149,2015-12-24,Thu,12,18,20,28,33,47,25
15/150,2015-12-26,Sat,1,8,33,37,42,47,7
15/151,2015-12-29,Tue,3,5,20,30,33,38,28
15/152,2015-12-31,Thu,2,11,12,22,24,25,3
16/001,2016-01-02,Sat,6,8,11,32,34,41,47
16/002,2016-01-05,Tue,2,5,7,18,30,45,11
16/003,2016-01-07,Thu,6,9,11,29,43,47,8
16/004,2016-01-10,Sun,4,8,15,18,30,45,38
16/005,2016-01-12,Tue,8,13,15,35,44,45,47
16/006,2016-01-14,Thu,1,2,10,23,32,49,26
16/007,2016-01-16,Sat,1,2,6,37,40,43,24
16/008,2016-01-19,Tue,8,18,20,25,30,39,13
16/009,2016-01-21,Thu,2,12,33,40,45,47,9
16/010,2016-01-23,Sat,7,8,12,14,23,32,5
16/011,2016-01-26,Tue,5,9,22,26,27,40,13
16/012,2016-01-28,Thu,8,20,30,34,42,48,36
16/013,2016-01-30,Sat,1,5,29,32,39,44,4
16/014,2016-02-02,Tue,18,28,30,33,34,36,2
16/015,2016-02-04,Thu,7,13,15,35,38,45,32
16/016,2016-02-07,Sun,11,13,15,19,21,29,41
16/017,2016-02-11,Thu,3,4,17,30,35,47,10
16/018,2016-02-13,Sat,8,14,24,29,36,43,31
16/019,2016-02-16,Tue,18,21,22,34,42,43,24
16/020,2016-02-18,Thu,13,20,38,39,41,45,46
16/021,2016-02-20,Sat,12,20,39,44,47,49,45
16/022,2016-02-23,Tue,9,15,24,27,44,45,47
16/023,2016-02-25,Thu,3,6,22,24,45,47,7
16/024,2016-02-27,Sat,6,9,11,20,27,44,42
16/025,2016-03-01,Tue,11,16,19,21,30,33,31
16/026,2016-03-03,Thu,1,2,5,7,16,45,33
16/027,2016-03-05,Sat,17,26,29,32,48,49,40
16/028,2016-03-08,Tue,3,4,16,30,34,39,14
16/029,2016-03-10,Thu,9,14,24,30,33,48,43
16/030,2016-03-12,Sat,3,23,33,36,41,49,2
16/031,2016-03-15,Tue,1,6,19,26,28,41,39
16/032,2016-03-17,Thu,3,8,15,16,17,38,35
16/033,2016-03-19,Sat,23,25,35,39,42,43,14
16/034,2016-03-22,Tue,5,10,18,24,27,49,39
16/035,2016-03-24,Thu,16,18,21,25,35,46,13
16/036,2016-03-26,Sat,17,24,38,44,46,47,27
16/037,2016-03-29,Tue,9,12,13,22,30,31,28
16/038,2016-04-02,Sat,4,6,29,34,36,45,47
16/039,2016-04-05,Tue,4,10,21,30,35,43,7
16/040,2016-04-07,Thu,8,21,25,32,34,45,31
16/041,2016-04-09,Sat,3,6,13,38,43,44,31
16/042,2016-04-12,Tue,21,25,28,33,46,48,10
16/043,2016-04-14,Thu,14,21,25,27,44,46,3
16/044,2016-04-17,Sun,16,24,28,35,45,46,38
16/045,2016-04-19,Tue,5,8,30,34,45,48,3
16/046,2016-04-21,Thu,3,5,14,15,39,41,21
16/047,2016-04-23,Sat,2,10,16,35,46,47,49
16/048,2016-04-26,Tue,1,3,25,27,28,45,12
16/049,2016-04-30,Sat,11,20,28,29,44,49,40
16/050,2016-05-05,Thu,6,7,12,15,27,36,29
16/051,2016-05-10,Tue,20,26,28,32,40,45,43
16/052,2016-05-12,Thu,4,12,19,20,27,49,21
16/053,2016-05-15,Sun,2,11,25,28,36,46,42
16/054,2016-05-17,Tue,1,19,23,24,32,40,35
16/055,2016-05-19,Thu,2,8,20,24,37,39,18
16/056,2016-05-21,Sat,6,13,23,25,44,48,11
16/057,2016-05-24,Tue,14,18,33,34,35,46,42
16/058,2016-05-26,Thu,9,15,36,38,46,48,22
16/059,2016-05-28,Sat,21,23,32,33,36,42,20
16/060,2016-05-31,Tue,21,24,36,38,39,44,49
16/061,2016-06-02,Thu,3,4,19,24,26,34,38
16/062,2016-06-04,Sat,8,16,21,32,38,48,11
16/063,2016-06-06,Mon,2,5,8,12,20,49,47
16/064,2016-06-08,Wed,4,13,34,36,42,48,19
16/065,2016-06-11,Sat,10,14,23,29,40,42,11
16/066,2016-06-14,Tue,13,15,30,36,44,49,37
16/067,2016-06-16,Thu,19,22,27,29,45,48,4
16/068,2016-06-18,Sat,4,5,8,12,34,37,24
16/069,2016-06-21,Tue,9,10,20,21,38,39,49
16/070,2016-06-23,Thu,6,9,21,35,48,49,29
16/071,2016-06-25,Sat,10,15,22,38,42,43,18
16/072,2016-06-28,Tue,7,13,23,30,32,48,36
16/073,2016-06-30,Thu,2,5,6,7,16,29,35
16/074,2016-07-02,Sat,2,8,16,32,33,37,5
16/075,2016-07-05,Tue,1,6,13,17,34,44,38
16/076,2016-07-07,Thu,13,14,21,31,38,44,22
16/077,2016-07-09,Sat,7,19,20,28,30,31,29
16/078,2016-07-12,Tue,12,20,31,32,35,45,18
16/079,2016-07-14,Thu,16,21,30,36,38,47,48
16/080,2016-07-16,Sat,1,2,7,16,24,34,36
16/081,2016-07-19,Tue,7,21,27,33,46,47,4
16/082,2016-07-22,Fri,10,11,22,41,44,46,35
16/083,2016-07-24,Sun,11,18,26,31,39,44,24
16/084,2016-07-26,Tue,3,14,17,21,28,49,12
16/085,2016-07-28,Thu,12,20,24,35,39,47,15
16/086,2016-07-30,Sat,9,21,29,33,35,48,28
16/087,2016-08-02,Tue,7,11,12,19,21,39,49
16/088,2016-08-04,Thu,10,16,34,41,45,47,7
16/089,2016-08-06,Sat,2,17,23,32,36,40,3
16/090,2016-08-09,Tue,5,9,13,22,34,39,40
16/091,2016-08-11,Thu,10,11,19,23,30,38,13
16/092,2016-08-13,Sat,3,4,11,23,44,47,24
16/093,2016-08-16,Tue,5,12,14,20,27,46,26
16/094,2016-08-18,Thu,3,17,20,22,45,46,30
16/095,2016-08-20,Sat,2,3,15,28,46,48,33
16/096,2016-08-23,Tue,14,16,24,25,43,44,3
16/097,2016-08-25,Thu,4,20,34,35,40,47,3
16/098,2016-08-27,Sat,3,6,13,24,37,43,30
16/099,2016-08-30,Tue,14,20,21,31,34,42,25
16/100,2016-09-01,Thu,8,11,13,30,34,49,2
16/101,2016-09-04,Sun,8,25,26,28,38,43,22
16/102,2016-09-06,Tue,11,15,33,41,43,48,27
16/103,2016-09-08,Thu,3,4,5,26,45,48,14
16/104,2016-09-10,Sat,7,16,32,37,38,46,22
16/105,2016-09-13,Tue,1,13,19,21,38,49,23
16/106,2016-09-15,Thu,24,25,34,35,44,49,30
16/107,2016-09-17,Sat,3,18,21,25,31,42,26
16/108,2016-09-20,Tue,4,16,19,27,41,44,25
16/109,2016-09-22,Thu,5,30,38,43,44,47,14
16/110,2016-09-24,Sat,1,17,20,34,43,44,42
16/111,2016-09-27,Tue,12,16,19,23,28,32,27
16/112,2016-09-29,Thu,14,20,28,33,41,48,40
16/113,2016-10-02,Sun,7,8,21,22,34,46,6
16/114,2016-10-04,Tue,2,6,10,28,38,40,30
16/115,2016-10-06,Thu,5,11,13,19,33,48,34
16/116,2016-10-09,Sun,12,26,28,36,45,49,9
16/117,2016-10-11,Tue,16,19,24,28,36,42,13
16/118,2016-10-13,Thu,2,9,16,27,32,40,46
16/119,2016-10-15,Sat,7,12,18,27,28,40,10
16/120,2016-10-18,Tue,8,27,28,30,38,41,12
16/121,2016-10-20,Thu,2,4,7,15,28,45,19
16/122,2016-10-22,Sat,3,12,13,20,33,43,35
16/123,2016-10-25,Tue,7,8,12,17,22,29,14
16/124,2016-10-27,Thu,8,16,17,34,35,44,41
16/125,2016-10-29,Sat,22,26,32,38,43,47,42
16/126,2016-11-01,Tue,1,2,21,31,33,36,8
16/127,2016-11-03,Thu,6,14,18,22,30,38,47
16/128,2016-11-05,Sat,9,12,31,39,42,46,48
16/129,2016-11-08,Tue,3,5,6,11,34,42,28
16/130,2016-11-10,Thu,3,17,38,39,46,49,37
16/131,2016-11-13,Sun,2,16,27,29,34,41,42
16/132,2016-11-15,Tue,10,15,17,18,27,40,26
16/133,2016-11-17,Thu,5,18,26,28,30,45,33
16/134,2016-11-19,Sat,2,6,23,24,37,42,32
16/135,2016-11-22,Tue,12,13,16,18,38,40,5
16/136,2016-11-24,Thu,3,9,24,31,38,49,41
16/137,2016-11-26,Sat,1,2,3,4,7,10,33
16/138,2016-11-29,Tue,4,11,18,22,24,49,25
16/139,2016-12-01,Thu,9,15,18,21,24,37,16
16/140,2016-12-03,Sat,8,13,23,30,47,48,7
16/141,2016-12-06,Tue,3,7,17,29,32,49,11
16/142,2016-12-08,Thu,9,24,26,28,37,39,29
16/143,2016-12-10,Sat,7,22,32,33,34,39,45
16/144,2016-12-13,Tue,7,14,26,31,38,44,37
16/145,2016-12-15,Thu,15,19,20,32,33,34,23
16/146,2016-12-18,Sun,3,10,21,26,28,38,29
16/147,2016-12-20,Tue,5,28,32,34,37,48,39
16/148,2016-12-23,Fri,4,14,16,25,32,35,47
16/149,2016-12-25,Sun,3,4,10,26,37,43,41
16/150,2016-12-29,Thu,2,11,13,15,17,21,26
16/151,2016-12-31,Sat,8,9,12,15,17,28,33
17/001,2017-01-03,Tue,4,11,22,29,37,46,18
17/002,2017-01-05,Thu,5,14,20,21,36,49,39
17/003,2017-01-07,Sat,7,10,14,29,45,46,19
17/004,2017-01-10,Tue,2,7,14,26,38,39,12
17/005,2017-01-12,Thu,18,25,27,30,40,43,6
17/006,2017-01-15,Sun,1,6,22,37,44,48,35
17/007,2017-01-17,Tue,26,27,28,36,42,47,33
17/008,2017-01-19,Thu,1,2,13,23,35,43,18
17/009,2017-01-21,Sat,8,27,28,37,38,49,33
17/010,2017-01-24,Tue,2,5,23,27,36,43,20
17/011,2017-01-26,Thu,13,24,28,29,31,44,10
17/012,2017-01-28,Sat,8,15,25,30,34,40,42
17/013,2017-02-01,Wed,13,14,18,23,29,35,45
17/014,2017-02-04,Sat,7,14,25,28,33,40,26
17/015,2017-02-07,Tue,6,11,22,25,32,33,24
17/016,2017-02-09,Thu,3,12,13,19,24,45,40
17/017,2017-02-12,Sun,7,21,26,30,38,47,15
17/018,2017-02-14,Tue,14,16,21,28,43,46,26
17/019,2017-02-16,Thu,5,8,23,34,41,44,7
17/020,2017-02-18,Sat,5,8,12,17,20,37,45
17/021,2017-02-21,Tue,1,7,13,29,32,44,20
17/022,2017-02-23,Thu,13,15,16,32,34,46,10
17/023,2017-02-25,Sat,4,12,19,20,25,26,8
17/024,2017-02-28,Tue,15,20,24,34,42,44,7
17/025,2017-03-02,Thu,6,13,31,42,43,45,34
17/026,2017-03-04,Sat,10,18,22,23,29,32,45
17/027,2017-03-07,Tue,2,14,18,19,40,43,42
17/028,2017-03-09,Thu,17,19,25,35,41,44,26
17/029,2017-03-11,Sat,1,4,20,27,32,39,15
17/030,2017-03-14,Tue,2,32,33,35,36,44,48
17/031,2017-03-16,Thu,1,2,11,19,40,48,4
17/032,2017-03-18,Sat,2,13,17,23,30,46,8
17/033,2017-03-21,Tue,8,12,20,25,37,46,2
17/034,2017-03-23,Thu,5,14,17,33,41,47,16
17/035,2017-03-25,Sat,9,10,23,30,38,48,16
17/036,2017-03-28,Tue,2,9,21,35,36,40,44
17/037,2017-03-30,Thu,18,19,21,30,38,48,7
17/038,2017-04-01,Sat,7,17,20,34,36,44,23
17/039,2017-04-04,Tue,3,9,19,33,40,41,26
17/040,2017-04-06,Thu,4,21,24,39,45,46,40
17/041,2017-04-08,Sat,2,11,14,20,27,30,19
17/042,2017-04-11,Tue,14,17,22,29,30,31,38
17/043,2017-04-13,Thu,4,10,25,26,38,49,34
17/044,2017-04-15,Sat,1,4,5,29,33,44,39
17/045,2017-04-18,Tue,4,10,11,18,29,38,28
17/046,2017-04-22,Sat,1,9,11,23,29,34,6
17/047,2017-04-25,Tue,1,21,22,45,46,49,14
17/048,2017-04-27,Thu,16,17,21,42,48,49,37
17/049,2017-04-29,Sat,5,8,14,22,31,48,33
17/050,2017-05-02,Tue,1,20,22,27,31,41,2
17/051,2017-05-04,Thu,4,17,21,32,36,46,27
17/052,2017-05-06,Sat,1,3,9,13,34,35,27
17/053,2017-05-09,Tue,6,22,23,31,36,45,12
17/054,2017-05-11,Thu,9,16,22,38,40,46,11
17/055,2017-05-14,Sun,1,7,12,18,27,33,20
17/056,2017-05-16,Tue,1,5,7,9,10,15,3
17/057,2017-05-18,Thu,7,11,20,28,41,49,32
17/058,2017-05-20,Sat,2,3,17,34,38,48,14
17/059,2017-05-23,Tue,7,13,17,23,29,46,49
17/060,2017-05-25,Thu,23,26,27,39,40,48,7
17/061,2017-05-27,Sat,5,7,18,22,33,43,27
17/062,2017-05-30,Tue,14,18,27,32,37,38,1
17/063,2017-06-01,Thu,4,18,23,28,36,45,33
17/064,2017-06-03,Sat,11,15,24,25,33,40,42
17/065,2017-06-06,Tue,8,24,26,30,47,49,35
17/066,2017-06-08,Thu,8,11,15,23,24,29,6
17/067,2017-06-10,Sat,1,13,18,23,30,44,42
17/068,2017-06-13,Tue,21,23,27,34,46,49,44
17/069,2017-06-15,Thu,1,2,5,12,18,19,44
17/070,2017-06-17,Sat,9,34,39,42,46,49,32
17/071,2017-06-20,Tue,15,18,20,25,35,45,34
17/072,2017-06-22,Thu,18,20,21,27,31,49,45
17/073,2017-06-24,Sat,3,28,30,32,37,42,11
17/074,2017-06-27,Tue,12,24,30,40,44,48,8
17/075,2017-06-29,Thu,11,16,26,27,29,37,19
17/076,2017-07-02,Sun,4,9,27,33,39,42,35
17/077,2017-07-04,Tue,2,5,15,26,27,38,18
17/078,2017-07-06,Thu,2,6,7,8,10,30,28
17/079,2017-07-08,Sat,3,8,11,21,36,48,37
17/080,2017-07-11,Tue,1,11,20,22,43,45,35
17/081,2017-07-13,Thu,4,5,25,27,29,41,18
17/082,2017-07-15,Sat,29,34,35,42,43,48,26
17/083,2017-07-18,Tue,6,14,32,33,40,46,10
17/084,2017-07-20,Thu,5,9,12,25,26,34,21
17/085,2017-07-22,Sat,4,6,27,36,47,49,3
17/086,2017-07-25,Tue,8,9,15,33,37,47,1
17/087,2017-07-27,Thu,3,4,31,37,42,44,40
17/088,2017-07-30,Sun,11,15,25,30,37,43,17
17/089,2017-08-01,Tue,10,25,26,32,36,37,46
17/090,2017-08-03,Thu,6,18,22,24,35,40,36
17/091,2017-08-05,Sat,14,25,32,35,39,48,31
17/092,2017-08-08,Tue,8,10,25,28,33,37,7
17/093,2017-08-10,Thu,18,22,25,32,33,42,29
17/094,2017-08-12,Sat,3,4,15,25,38,45,28
17/095,2017-08-15,Tue,3,4,7,19,20,23,27
17/096,2017-08-17,Thu,5,21,24,29,43,44,42
17/097,2017-08-19,Sat,2,23,32,34,43,45,22
17/098,2017-08-22,Tue,4,23,24,33,40,43,15
17/099,2017-08-24,Thu,4,7,10,21,28,47,17
17/100,2017-08-26,Sat,16,34,35,36,40,46,31
17/101,2017-08-29,Tue,12,24,26,34,44,48,4
17/102,2017-08-31,Thu,12,17,18,25,33,37,29
17/103,2017-09-02,Sat,1,5,11,23,24,27,15
17/104,2017-09-05,Tue,1,2,8,30,39,43,19
17/105,2017-09-07,Thu,10,19,27,29,41,46,17
17/106,2017-09-09,Sat,4,7,18,23,29,39,49
17/107,2017-09-12,Tue,21,23,30,38,44,49,37
17/108,2017-09-14,Thu,25,26,34,41,42,49,1
17/109,2017-09-17,Sun,3,12,16,23,36,47,33
17/110,2017-09-19,Tue,7,11,12,30,34,36,17
17/111,2017-09-21,Thu,1,3,4,5,32,39,10
17/112,2017-09-23,Sat,1,13,22,25,30,36,4
17/113,2017-09-26,Tue,2,10,19,27,31,33,16
17/114,2017-09-28,Thu,7,18,24,26,39,45,44
17/115,2017-09-30,Sat,2,11,19,20,33,49,6
17/116,2017-10-02,Mon,1,8,19,22,35,46,30
17/117,2017-10-04,Wed,10,16,22,23,26,46,25
17/118,2017-10-07,Sat,3,6,24,38,45,48,5
17/119,2017-10-10,Tue,6,17,22,26,32,45,24
17/120,2017-10-12,Thu,1,6,8,11,12,16,41
17/121,2017-10-17,Tue,2,4,19,30,35,47,25
17/122,2017-10-19,Thu,8,12,19,24,28,49,37
17/123,2017-10-21,Sat,8,16,18,30,43,45,27
17/124,2017-10-24,Tue,1,8,9,16,29,42,49
17/125,2017-10-26,Thu,4,5,20,29,35,38,36
17/126,2017-10-28,Sat,7,16,18,22,26,44,9
17/127,2017-10-31,Tue,21,26,29,35,45,49,41
17/128,2017-11-02,Thu,5,18,20,32,36,40,7
17/129,2017-11-04,Sat,23,30,32,33,43,44,28
17/130,2017-11-07,Tue,3,18,19,35,38,40,48
17/131,2017-11-09,Thu,3,32,36,46,48,49,29
17/132,2017-11-12,Sun,12,16,22,28,36,37,45
17/133,2017-11-14,Tue,1,15,20,28,33,43,18
17/134,2017-11-16,Thu,3,8,20,34,40,46,24
17/135,2017-11-18,Sat,19,24,26,30,36,41,43
17/136,2017-11-21,Tue,8,27,30,35,36,43,31
17/137,2017-11-23,Thu,3,4,30,37,39,42,32
17/138,2017-11-25,Sat,5,13,16,28,40,41,2
17/139,2017-11-28,Tue,6,8,9,23,36,40,19
17/140,2017-11-30,Thu,4,10,32,35,38,47,49
17/141,2017-12-02,Sat,7,14,19,27,28,38,46
17/142,2017-12-05,Tue,7,9,14,18,20,44,29
17/143,2017-12-07,Thu,1,25,34,37,39,47,18
17/144,2017-12-09,Sat,22,24,29,35,38,48,30
17/145,2017-12-12,Tue,4,15,29,34,38,48,30
17/146,2017-12-14,Thu,7,10,20,25,34,35,8
17/147,2017-12-16,Sat,1,3,6,9,24,28,36
17/148,2017-12-19,Tue,3,9,33,38,44,49,24
17/149,2017-12-21,Thu,14,21,22,28,30,47,3
17/150,2017-12-24,Sun,1,16,26,34,39,47,11
17/151,2017-12-26,Tue,2,7,16,28,30,37,12
17/152,2017-12-28,Thu,15,17,23,40,44,46,11
17/153,2017-12-30,Sat,1,13,22,25,36,38,37
18/001,2018-01-02,Tue,12,18,28,35,39,42,36
18/002,2018-01-06,Sat,1,12,21,31,36,49,23
18/003,2018-01-11,Thu,3,29,31,43,47,49,19
18/004,2018-01-16,Tue,2,21,27,30,36,37,4
18/005,2018-01-20,Sat,2,5,23,24,27,34,8
18/006,2018-01-23,Tue,3,20,27,32,37,41,44
18/007,2018-01-25,Thu,3,14,23,36,40,47,20
18/008,2018-01-27,Sat,8,17,26,33,43,45,40
18/009,2018-01-30,Tue,4,7,11,12,40,49,25
18/010,2018-02-01,Thu,20,23,26,29,47,49,39
18/011,2018-02-03,Sat,2,4,12,25,40,49,8
18/012,2018-02-06,Tue,3,19,26,28,35,48,32
18/013,2018-02-08,Thu,13,16,22,28,37,41,34
18/014,2018-02-11,Sun,1,2,9,27,33,45,38
18/015,2018-02-13,Tue,2,9,18,27,32,42,12
18/016,2018-02-15,Thu,1,19,21,32,43,45,34
18/017,2018-02-20,Tue,3,5,25,42,43,44,2
18/018,2018-02-22,Thu,4,12,19,20,30,39,5
18/019,2018-02-24,Sat,17,20,34,38,42,45,5
18/020,2018-02-27,Tue,13,24,28,31,41,43,16
18/021,2018-03-01,Thu,2,14,15,17,18,29,1
18/022,2018-03-04,Sun,6,10,11,23,28,43,21
18/023,2018-03-06,Tue,2,11,17,19,35,37,20
18/024,2018-03-08,Thu,1,6,30,43,44,48,7
18/025,2018-03-10,Sat,7,18,19,26,27,39,2
18/026,2018-03-13,Tue,5,16,20,25,34,42,2
18/027,2018-03-15,Thu,13,16,25,35,38,49,33
18/028,2018-03-17,Sat,4,6,23,33,40,47,30
18/029,2018-03-20,Tue,3,22,27,29,42,45,10
18/030,2018-03-22,Thu,10,18,21,29,33,46,36
18/031,2018-03-24,Sat,12,19,23,28,35,45,6
18/032,2018-03-29,Thu,5,12,24,27,30,47,43
18/033,2018-03-31,Sat,9,13,16,18,19,34,21
18/034,2018-04-03,Tue,21,29,31,41,46,49,36
18/035,2018-04-05,Thu,19,24,29,39,40,42,30
18/036,2018-04-07,Sat,4,20,23,27,31,43,3
18/037,2018-04-10,Tue,1,15,23,34,43,48,25
18/038,2018-04-12,Thu,1,2,9,11,37,41,18
18/039,2018-04-14,Sat,12,14,15,36,38,40,42
18/040,2018-04-17,Tue,3,8,16,22,28,32,24
18/041,2018-04-19,Thu,20,21,33,40,45,49,43
18/042,2018-04-22,Sun,10,14,28,30,42,44,35
18/043,2018-04-24,Tue,12,20,21,28,33,41,9
18/044,2018-04-26,Thu,8,12,20,33,35,45,42
18/045,2018-04-28,Sat,2,15,17,18,21,44,14
18/046,2018-05-01,Tue,1,5,10,20,21,25,43
18/047,2018-05-03,Thu,12,24,30,31,32,34,41
18/048,2018-05-05,Sat,3,24,40,44,45,49,8
18/049,2018-05-08,Tue,3,14,18,28,31,40,38
18/050,2018-05-10,Thu,12,19,25,31,36,49,11
18/051,2018-05-13,Sun,1,6,9,19,21,23,43
18/052,2018-05-15,Tue,5,8,9,19,32,44,39
18/053,2018-05-17,Thu,3,16,23,30,43,46,26
18/054,2018-05-19,Sat,14,23,29,36,37,47,25
18/055,2018-05-22,Tue,7,12,14,22,31,33,38
18/056,2018-05-24,Thu,4,5,7,11,12,13,18
18/057,2018-05-26,Sat,1,12,22,40,42,44,28
18/058,2018-05-29,Tue,3,6,11,22,45,46,1
18/059,2018-05-31,Thu,3,5,28,33,40,49,32
18/060,2018-06-02,Sat,4,15,30,33,38,41,16
18/061,2018-06-05,Tue,6,10,24,34,40,45,9
18/062,2018-06-07,Thu,5,32,34,36,38,43,25
18/063,2018-06-09,Sat,11,23,35,41,46,49,47
18/064,2018-06-12,Tue,30,31,34,40,41,42,33
18/065,2018-06-14,Thu,2,10,24,28,35,39,27
18/066,2018-06-17,Sun,1,7,20,21,35,48,22
18/067,2018-06-19,Tue,2,7,21,31,33,42,24
18/068,2018-06-21,Thu,16,23,24,31,33,34,18
18/069,2018-06-23,Sat,2,9,16,18,24,46,47
18/070,2018-06-26,Tue,7,8,12,17,33,42,26
18/071,2018-06-28,Thu,6,13,23,29,38,45,41
18/072,2018-06-30,Sat,5,6,16,18,30,32,27
18/073,2018-07-03,Tue,3,21,22,41,45,49,10
18/074,2018-07-05,Thu,1,13,20,34,38,40,29
18/075,2018-07-07,Sat,8,17,20,26,40,46,19
18/076,2018-07-10,Tue,6,8,29,38,41,49,2
18/077,2018-07-12,Thu,1,5,7,8,30,33,22
18/078,2018-07-14,Sat,7,13,22,27,33,36,45
18/079,2018-07-17,Tue,6,10,32,36,41,48,47
18/080,2018-07-19,Thu,12,16,23,25,40,42,20
18/081,2018-07-21,Sat,13,14,15,37,38,44,40
18/082,2018-07-24,Tue,2,16,17,27,32,37,12
18/083,2018-07-26,Thu,22,32,37,44,46,49,38
18/084,2018-07-28,Sat,5,7,11,26,30,43,17
18/085,2018-07-31,Tue,24,27,36,43,44,46,30
18/086,2018-08-02,Thu,3,5,11,34,35,45,28
18/087,2018-08-04,Sat,4,15,23,34,37,48,30
18/088,2018-08-07,Tue,4,21,25,39,46,47,12
18/089,2018-08-09,Thu,8,10,11,20,21,34,13
18/090,2018-08-11,Sat,1,11,25,38,47,49,37
18/091,2018-08-14,Tue,32,37,38,42,43,49,24
18/092,2018-08-16,Thu,9,13,16,27,29,41,37
18/093,2018-08-18,Sat,2,14,24,37,42,47,20
18/094,2018-08-21,Tue,3,10,18,28,40,47,4
18/095,2018-08-23,Thu,12,14,22,30,38,44,34
18/096,2018-08-25,Sat,3,4,19,28,31,48,27
18/097,2018-08-28,Tue,9,18,26,30,36,46,2
18/098,2018-08-30,Thu,4,15,21,23,44,46,13
18/099,2018-09-01,Sat,10,13,20,26,35,45,37
18/100,2018-09-04,Tue,4,5,33,36,44,47,13
18/101,2018-09-06,Thu,17,26,30,33,38,49,47
18/102,2018-09-08,Sat,7,9,12,18,41,46,33
18/103,2018-09-11,Tue,31,36,38,45,47,49,37
18/104,2018-09-13,Thu,14,20,22,39,41,48,35
18/105,2018-09-15,Sat,4,6,11,33,37,48,41
18/106,2018-09-18,Tue,9,11,18,23,32,48,26
18/107,2018-09-20,Thu,5,6,17,26,40,41,46
18/108,2018-09-23,Sun,2,13,21,23,32,40,30
18/109,2018-09-25,Tue,5,14,20,22,24,48,4
18/110,2018-09-27,Thu,14,17,30,46,48,49,36
18/111,2018-09-29,Sat,9,31,34,35,37,38,16
18/112,2018-10-02,Tue,13,18,23,28,33,49,19
18/113,2018-10-04,Thu,13,19,34,35,45,46,27
18/114,2018-10-06,Sat,2,10,35,39,44,49,8
18/115,2018-10-09,Tue,7,9,18,27,44,45,15
18/116,2018-10-11,Thu,7,9,19,29,39,42,41
18/117,2018-10-14,Sun,8,14,21,24,34,43,1
18/118,2018-10-16,Tue,7,11,19,32,45,46,37
18/119,2018-10-20,Sat,10,13,22,25,40,42,5
18/120,2018-10-23,Tue,6,17,20,34,36,44,15
18/121,2018-10-25,Thu,6,13,20,25,27,29,21
18/122,2018-10-27,Sat,1,5,15,39,45,47,43
18/123,2018-10-30,Tue,4,7,10,22,34,42,38
18/124,2018-11-01,Thu,9,13,15,16,20,32,12
18/125,2018-11-03,Sat,4,19,24,38,39,44,46
18/126,2018-11-06,Tue,1,8,22,23,46,47,12
18/127,2018-11-08,Thu,9,16,22,24,40,47,17
18/128,2018-11-11,Sun,6,24,26,36,44,49,8
18/129,2018-11-13,Tue,8,22,30,34,35,37,29
18/130,2018-11-15,Thu,2,10,29,32,40,41,44
18/131,2018-11-17,Sat,5,9,12,14,42,43,45
18/132,2018-11-20,Tue,4,12,14,17,29,35,38
18/133,2018-11-22,Thu,15,16,18,22,26,48,34
18/134,2018-11-24,Sat,3,8,13,25,30,34,32
18/135,2018-11-27,Tue,7,8,15,27,29,38,39
18/136,2018-11-29,Thu,14,25,31,34,36,43,35
18/137,2018-12-01,Sat,2,20,29,32,38,39,47
18/138,2018-12-04,Tue,8,11,14,20,22,31,19
18/139,2018-12-06,Thu,8,20,32,40,44,46,34
18/140,2018-12-08,Sat,20,27,29,40,45,48,43
18/141,2018-12-11,Tue,7,8,10,20,33,42,22
18/142,2018-12-13,Thu,1,15,21,23,24,33,39
18/143,2018-12-15,Sat,5,10,30,33,36,37,22
18/144,2018-12-18,Tue,1,10,11,13,30,33,45
18/145,2018-12-20,Thu,4,7,8,12,13,26,42
18/146,2018-12-22,Sat,7,20,33,46,48,49,4
18/147,2018-12-25,Tue,2,14,16,32,41,47,23
18/148,2018-12-27,Thu,1,4,17,22,23,35,37
18/149,2018-12-30,Sun,6,7,13,33,35,46,43
19/001,2019-01-03,Thu,8,23,25,30,32,45,24
19/002,2019-01-05,Sat,12,13,16,19,23,45,2
19/003,2019-01-08,Tue,4,5,12,23,30,40,10
19/004,2019-01-10,Thu,6,7,28,31,36,43,23
19/005,2019-01-13,Sun,10,18,35,37,48,49,27
19/006,2019-01-15,Tue,10,16,17,33,44,48,7
19/007,2019-01-17,Thu,16,18,28,35,36,41,37
19/008,2019-01-19,Sat,13,24,31,34,44,47,8
19/009,2019-01-22,Tue,3,19,25,30,33,48,44
19/010,2019-01-24,Thu,11,18,33,41,43,46,36
19/011,2019-01-26,Sat,14,27,29,41,45,46,21
19/012,2019-01-29,Tue,3,10,14,24,32,45,29
19/013,2019-01-31,Thu,18,22,26,31,33,41,27
19/014,2019-02-03,Sun,5,6,13,19,34,35,39
19/015,2019-02-06,Wed,2,4,11,15,19,29,1
19/016,2019-02-09,Sat,1,19,29,34,39,49,43
19/017,2019-02-12,Tue,9,17,26,31,32,40,27
19/018,2019-02-14,Thu,5,8,16,20,43,46,11
19/019,2019-02-16,Sat,3,7,8,17,19,23,12
19/020,2019-02-19,Tue,2,5,8,13,16,33,41
19/021,2019-02-21,Thu,16,29,36,39,42,49,34
19/022,2019-02-23,Sat,13,14,15,21,33,49,1
19/023,2019-02-26,Tue,9,12,13,19,21,46,15
19/024,2019-02-28,Thu,22,24,25,30,32,43,11
19/025,2019-03-03,Sun,21,24,26,35,44,47,8
19/026,2019-03-05,Tue,10,16,28,32,34,49,45
19/027,2019-03-07,Thu,8,15,17,23,39,44,40
19/028,2019-03-09,Sat,13,32,34,35,41,46,30
19/029,2019-03-12,Tue,6,21,27,33,38,47,46
19/030,2019-03-14,Thu,4,10,25,28,40,43,39
19/031,2019-03-16,Sat,5,9,12,23,31,43,29
19/032,2019-03-19,Tue,4,18,23,38,40,46,15
19/033,2019-03-21,Thu,7,12,22,32,37,45,47
19/034,2019-03-23,Sat,10,11,15,39,46,49,21
19/035,2019-03-26,Tue,2,3,10,21,31,35,11
19/036,2019-03-28,Thu,3,5,17,23,41,44,40
19/037,2019-03-30,Sat,15,17,18,37,39,49,31
19/038,2019-04-02,Tue,6,10,15,21,24,28,49
19/039,2019-04-04,Thu,29,34,38,42,44,47,36
19/040,2019-04-06,Sat,8,21,34,37,41,45,49
19/041,2019-04-09,Tue,3,14,17,23,32,43,36
19/042,2019-04-11,Thu,6,18,32,38,41,45,33
19/043,2019-04-13,Sat,3,15,22,35,40,49,39
19/044,2019-04-16,Tue,11,20,30,32,33,43,34
19/045,2019-04-20,Sat,28,30,32,37,39,47,23
19/046,2019-04-25,Thu,11,13,18,21,28,34,19
19/047,2019-04-27,Sat,2,8,14,21,32,35,4
19/048,2019-04-30,Tue,1,29,32,43,45,49,5
19/049,2019-05-02,Thu,1,6,19,23,45,47,49
19/050,2019-05-04,Sat,6,13,19,20,24,35,43
19/051,2019-05-07,Tue,6,12,35,39,42,44,22
19/052,2019-05-09,Thu,3,4,5,24,29,32,2
19/053,2019-05-14,Tue,10,12,14,30,37,41,5
19/054,2019-05-16,Thu,1,4,7,23,37,38,34
19/055,2019-05-19,Sun,1,2,9,16,30,41,35
19/056,2019-05-21,Tue,4,7,21,24,35,41,18
19/057,2019-05-23,Thu,11,13,14,17,33,43,27
19/058,2019-05-25,Sat,12,14,23,30,40,48,1
19/059,2019-05-28,Tue,22,29,37,42,45,49,47
19/060,2019-05-30,Thu,12,15,16,31,36,46,3
19/061,2019-06-01,Sat,3,13,19,23,35,43,26
19/062,2019-06-04,Tue,16,21,24,28,37,40,48
19/063,2019-06-06,Thu,6,13,21,24,32,47,38
19/064,2019-06-09,Sun,3,8,24,27,28,49,44
19/065,2019-06-11,Tue,8,19,20,21,25,37,13
19/066,2019-06-13,Thu,3,6,21,31,33,38,45
19/067,2019-06-15,Sat,7,8,17,30,42,44,24
19/068,2019-06-18,Tue,18,23,26,29,35,48,36
19/069,2019-06-20,Thu,9,11,15,21,25,33,46
19/070,2019-06-22,Sat,13,29,30,33,43,47,16
19/071,2019-06-25,Tue,23,25,29,32,40,46,13
19/072,2019-06-27,Thu,12,20,33,42,46,47,27
19/073,2019-06-29,Sat,9,13,22,29,31,46,45
19/074,2019-07-02,Tue,13,14,15,42,45,48,2
19/075,2019-07-04,Thu,1,2,12,15,24,44,14
19/076,2019-07-06,Sat,7,8,10,11,28,42,29
19/077,2019-07-09,Tue,3,5,20,31,39,42,25
19/078,2019-07-11,Thu,3,6,26,27,32,49,29
19/079,2019-07-13,Sat,12,14,32,35,38,46,16
19/080,2019-07-16,Tue,6,16,22,28,37,45,13
19/081,2019-07-18,Thu,2,4,8,11,17,31,19
19/082,2019-07-20,Sat,26,27,30,33,44,47,37
19/083,2019-07-23,Tue,14,19,25,38,39,42,46
19/084,2019-07-25,Thu,7,10,11,16,18,35,43
19/085,2019-07-27,Sat,4,14,19,24,39,45,8
19/086,2019-07-30,Tue,3,16,19,22,41,44,29
19/087,2019-08-01,Thu,13,18,20,21,43,49,30
19/088,2019-08-03,Sat,23,24,27,28,37,43,16
19/089,2019-08-06,Tue,5,6,15,21,22,37,36
19/090,2019-08-08,Thu,8,9,19,25,30,44,37
19/091,2019-08-10,Sat,15,22,42,44,48,49,6
19/092,2019-08-13,Tue,10,14,16,29,30,43,11
19/093,2019-08-15,Thu,2,13,23,35,38,46,17
19/094,2019-08-17,Sat,4,9,20,26,32,44,11
19/095,2019-08-20,Tue,12,15,16,23,32,35,2
19/096,2019-08-22,Thu,1,4,5,6,42,43,8
19/097,2019-08-24,Sat,1,10,21,31,47,49,13
19/098,2019-08-27,Tue,6,18,29,33,43,46,16
19/099,2019-08-29,Thu,8,24,26,37,38,44,18
19/100,2019-08-31,Sat,1,6,14,24,32,44,5
19/101,2019-09-03,Tue,2,8,17,24,27,39,10
19/102,2019-09-05,Thu,3,4,18,29,41,44,39
19/103,2019-09-07,Sat,7,8,12,25,43,45,13
19/104,2019-09-10,Tue,11,12,13,28,43,49,47
19/105,2019-09-12,Thu,5,23,24,25,31,33,7
19/106,2019-09-14,Sat,1,4,7,12,19,28,43
19/107,2019-09-17,Tue,12,20,22,26,30,36,2
19/108,2019-09-19,Thu,8,17,34,39,42,44,7
19/109,2019-09-22,Sun,3,28,39,40,42,44,37
19/110,2019-09-24,Tue,6,17,44,45,46,49,41
19/111,2019-09-26,Thu,2,3,11,20,27,46,4
19/112,2019-09-29,Sun,2,3,7,10,18,48,33
19/113,2019-10-03,Thu,1,12,13,15,19,45,44
19/114,2019-10-08,Tue,13,23,35,36,43,47,16
19/115,2019-10-13,Sun,10,16,27,29,37,42,44
19/116,2019-10-17,Thu,14,18,19,21,45,47,49
19/117,2019-10-19,Sat,1,6,19,22,42,44,25
19/118,2019-10-22,Tue,1,6,11,31,41,47,32
19/119,2019-10-24,Thu,7,10,16,23,27,34,24
19/120,2019-10-26,Sat,1,17,24,30,40,49,48
19/121,2019-10-29,Tue,2,10,13,19,20,24,17
19/122,2019-11-02,Sat,13,15,25,30,40,46,26
19/123,2019-11-07,Thu,7,20,30,33,34,44,46
19/124,2019-11-10,Sun,6,17,18,23,31,46,44
19/125,2019-11-14,Thu,2,3,13,18,31,49,14
19/126,2019-11-16,Sat,10,23,28,39,44,47,13
19/127,2019-11-19,Tue,1,4,12,13,24,42,48
19/128,2019-11-21,Thu,3,4,5,10,35,38,7
19/129,2019-11-24,Sun,1,20,28,30,35,46,15
19/130,2019-11-26,Tue,5,9,15,25,42,45,38
19/131,2019-11-28,Thu,22,23,29,36,41,44,2
19/132,2019-11-30,Sat,1,10,18,24,40,49,7
19/133,2019-12-03,Tue,1,15,23,29,45,47,6
19/134,2019-12-05,Thu,2,6,8,16,23,31,1
19/135,2019-12-07,Sat,14,25,26,30,32,47,4
19/136,2019-12-10,Tue,5,6,11,12,28,35,17
19/137,2019-12-12,Thu,6,21,32,35,39,49,15
19/138,2019-12-14,Sat,2,4,6,8,28,29,5
19/139,2019-12-17,Tue,3,20,23,30,34,41,47
19/140,2019-12-19,Thu,22,24,28,31,35,39,12
19/141,2019-12-22,Sun,11,22,24,26,41,42,2
19/142,2019-12-24,Tue,5,11,14,23,30,32,20
19/143,2019-12-28,Sat,1,22,25,27,31,36,47
19/144,2019-12-31,Tue,5,10,18,20,28,33,17
20/001,2020-01-02,Thu,15,17,29,30,34,37,40
20/002,2020-01-07,Tue,1,24,25,27,31,37,8
20/003,2020-01-12,Sun,5,17,35,37,42,49,39
20/004,2020-01-16,Thu,2,20,24,30,32,46,1
20/005,2020-01-18,Sat,18,29,32,33,36,40,38
20/006,2020-01-21,Tue,11,14,21,28,37,44,36
20/007,2020-01-23,Thu,2,11,13,45,46,49,42
20/008,2020-02-01,Sat,3,5,30,31,43,48,13
20/009,2020-09-24,Thu,11,24,26,35,42,44,20
20/010,2020-09-29,Tue,9,21,26,27,28,48,45
20/011,2020-10-08,Thu,21,28,33,34,40,47,49
20/012,2020-10-15,Thu,9,26,28,33,38,46,44
20/013,2020-10-22,Thu,1,13,19,24,29,45,26
20/014,2020-10-29,Thu,6,11,33,38,40,43,2
20/015,2020-11-06,Fri,11,17,35,36,38,40,6
20/016,2020-11-10,Tue,13,15,25,28,45,49,24
20/017,2020-11-13,Fri,6,15,17,18,28,47,32
20/018,2020-11-17,Tue,13,19,20,21,33,49,45
20/019,2020-11-20,Fri,22,25,30,33,34,43,24
20/020,2020-11-24,Tue,7,12,16,22,45,47,25
20/021,2020-11-27,Fri,5,12,13,23,27,38,39
20/022,2020-12-01,Tue,24,27,29,31,42,47,22
20/023,2020-12-04,Fri,11,13,19,38,39,41,47
20/024,2020-12-08,Tue,7,32,34,35,48,49,23
20/025,2020-12-11,Fri,1,11,23,29,41,46,44
20/026,2020-12-15,Tue,2,11,13,20,21,33,14
20/027,2020-12-18,Fri,8,11,12,23,34,49,28
20/028,2020-12-22,Tue,11,20,36,37,39,48,21
20/029,2020-12-25,Fri,14,18,24,27,28,41,45
20/030,2020-12-29,Tue,10,11,24,39,41,42,22
21/001,2021-01-02,Sat,3,9,14,21,45,46,34
21/002,2021-01-05,Tue,22,24,30,36,38,46,33
21/003,2021-01-08,Fri,5,19,29,32,33,34,43
21/004,2021-01-12,Tue,5,19,22,26,35,40,2
21/005,2021-01-15,Fri,4,24,39,41,42,45,6
21/006,2021-01-19,Tue,14,21,22,38,40,45,17
21/007,2021-01-22,Fri,15,16,18,21,24,31,22
21/008,2021-01-26,Tue,5,9,16,21,44,49,15
21/009,2021-01-29,Fri,2,10,30,31,35,46,3
21/010,2021-02-02,Tue,18,21,24,26,30,35,48
21/011,2021-02-05,Fri,10,16,22,40,44,45,49
21/012,2021-02-09,Tue,1,2,16,20,31,38,7
21/013,2021-02-12,Fri,6,25,31,36,41,47,10
21/014,2021-02-16,Tue,3,13,28,30,31,45,22
21/015,2021-02-19,Fri,4,5,13,14,25,44,16
21/016,2021-02-23,Tue,2,14,18,28,34,44,21
21/017,2021-02-26,Fri,14,17,35,37,39,46,2
21/018,2021-03-02,Tue,6,15,16,21,27,28,43
21/019,2021-03-05,Fri,1,23,32,38,43,46,5
21/020,2021-03-12,Fri,16,17,21,24,43,47,30
21/021,2021-03-19,Fri,3,8,9,14,23,25,35
21/022,2021-03-23,Tue,11,14,16,19,38,41,6
21/023,2021-03-26,Fri,6,12,24,26,30,43,20
21/024,2021-03-30,Tue,24,26,36,37,41,43,31
21/025,2021-04-02,Fri,1,2,33,34,42,49,39
21/026,2021-04-06,Tue,4,7,8,20,22,41,21
21/027,2021-04-09,Fri,7,9,12,13,14,16,23
21/028,2021-04-13,Tue,7,10,13,14,20,35,49
21/029,2021-04-16,Fri,5,6,17,23,29,38,24
21/030,2021-04-20,Tue,12,32,40,42,48,49,27
21/031,2021-04-23,Fri,15,18,20,23,31,47,12
21/032,2021-04-27,Tue,2,13,15,19,38,41,30
21/033,2021-04-30,Fri,7,9,29,33,36,49,41
21/034,2021-05-04,Tue,8,9,10,19,38,45,6
21/035,2021-05-07,Fri,5,8,22,26,40,41,46
21/036,2021-05-11,Tue,15,22,30,31,35,45,6
21/037,2021-05-14,Fri,5,14,28,29,31,37,11
21/038,2021-05-18,Tue,2,9,26,34,35,36,4
21/039,2021-05-21,Fri,8,14,31,37,44,47,38
21/040,2021-05-25,Tue,1,7,19,22,27,49,20
21/041,2021-05-28,Fri,5,12,30,43,44,45,21
21/042,2021-06-01,Tue,1,6,16,28,33,36,8
21/043,2021-06-04,Fri,2,6,16,22,34,49,45
21/044,2021-06-08,Tue,7,13,21,24,28,30,10
21/045,2021-06-11,Fri,2,3,15,29,41,43,7
21/046,2021-06-15,Tue,3,11,13,22,44,45,4
21/047,2021-06-17,Thu,1,25,31,34,42,48,20
21/048,2021-06-19,Sat,4,15,17,32,38,43,30
21/049,2021-06-22,Tue,1,5,7,24,26,30,8
21/050,2021-06-24,Thu,4,11,14,21,38,48,31
21/051,2021-06-27,Sun,2,7,11,27,37,42,28
21/052,2021-06-29,Tue,10,16,24,39,44,47,28
21/053,2021-07-03,Sat,7,9,24,29,37,48,17
21/054,2021-07-06,Tue,2,6,15,16,26,34,14
21/055,2021-07-08,Thu,7,9,13,27,39,43,42
21/056,2021-07-10,Sat,25,28,34,37,40,49,33
21/057,2021-07-13,Tue,9,13,21,35,38,48,20
21/058,2021-07-15,Thu,6,19,22,23,28,49,20
21/059,2021-07-17,Sat,1,6,16,30,32,47,12
21/060,2021-07-20,Tue,2,7,15,19,31,49,46
21/061,2021-07-22,Thu,2,3,4,5,8,23,27
21/062,2021-07-24,Sat,11,12,25,27,28,34,46
21/063,2021-07-27,Tue,8,11,19,22,29,44,14
21/064,2021-08-01,Sun,1,4,9,21,36,42,3
21/065,2021-08-03,Tue,10,13,15,29,31,39,47
21/066,2021-08-05,Thu,10,17,19,25,36,39,31
21/067,2021-08-07,Sat,13,14,26,34,35,44,12
21/068,2021-08-10,Tue,4,12,14,17,22,32,41
21/069,2021-08-12,Thu,20,21,30,34,36,37,29
21/070,2021-08-14,Sat,11,12,19,38,39,41,6
21/071,2021-08-19,Thu,4,26,28,31,32,33,8
21/072,2021-08-21,Sat,2,5,18,21,42,48,46
21/073,2021-08-26,Thu,5,10,17,30,43,44,40
21/074,2021-08-28,Sat,2,14,15,16,33,45,19
21/075,2021-08-31,Tue,1,12,23,29,45,46,48
21/076,2021-09-02,Thu,10,28,39,45,48,49,15
21/077,2021-09-04,Sat,5,8,29,31,32,36,12
21/078,2021-09-07,Tue,2,7,21,23,27,36,40
21/079,2021-09-09,Thu,7,22,24,31,33,37,39
21/080,2021-09-11,Sat,12,26,31,37,38,44,16
21/081,2021-09-14,Tue,7,8,32,33,39,49,23
21/082,2021-09-16,Thu,1,6,11,20,32,35,22
21/083,2021-09-21,Tue,14,15,25,26,32,45,2
21/084,2021-09-23,Thu,2,4,10,17,38,41,47
21/085,2021-09-25,Sat,15,18,32,43,45,47,12
21/086,2021-09-28,Tue,2,23,31,38,43,45,40
21/087,2021-09-30,Thu,2,3,11,20,24,47,48
21/088,2021-10-02,Sat,6,12,19,31,47,48,41
21/089,2021-10-05,Tue,19,20,26,29,32,48,38
21/090,2021-10-07,Thu,8,11,19,21,24,47,23
21/091,2021-10-14,Thu,2,6,9,27,43,45,35
21/092,2021-10-16,Sat,3,14,16,23,38,46,2
21/093,2021-10-19,Tue,7,13,15,19,24,37,2
21/094,2021-10-21,Thu,6,9,11,13,15,47,38
21/095,2021-10-26,Tue,9,14,23,28,34,48,36
21/096,2021-10-28,Thu,1,5,17,26,34,48,42
21/097,2021-10-30,Sat,3,14,37,41,42,45,4
21/098,2021-11-02,Tue,4,5,24,33,44,49,41
21/099,2021-11-04,Thu,3,22,30,32,40,43,5
21/100,2021-11-06,Sat,13,15,40,41,42,49,21
21/101,2021-11-09,Tue,3,11,15,25,30,45,33
21/102,2021-11-11,Thu,10,13,31,37,40,46,15
21/103,2021-11-14,Sun,1,11,15,21,24,28,8
21/104,2021-11-16,Tue,9,13,25,27,33,36,35
21/105,2021-11-18,Thu,2,16,23,25,29,38,18
21/106,2021-11-20,Sat,18,19,24,38,39,42,41
21/107,2021-11-23,Tue,2,6,11,22,34,38,7
21/108,2021-11-25,Thu,10,28,36,39,47,48,44
21/109,2021-11-27,Sat,2,14,30,41,42,44,22
21/110,2021-11-30,Tue,1,17,22,26,38,44,8
21/111,2021-12-02,Thu,3,21,26,36,38,49,9
21/112,2021-12-04,Sat,1,21,24,29,44,46,19
21/113,2021-12-07,Tue,4,13,19,21,35,43,27
21/114,2021-12-09,Thu,4,7,9,13,15,43,1
21/115,2021-12-11,Sat,7,21,34,35,42,48,41
21/116,2021-12-14,Tue,7,24,29,36,41,43,35
21/117,2021-12-16,Thu,5,6,19,43,47,49,39
21/118,2021-12-19,Sun,12,20,21,26,33,42,9
21/119,2021-12-21,Tue,11,12,16,32,43,44,41
21/120,2021-12-23,Thu,3,9,11,17,22,44,23
21/121,2021-12-25,Sat,8,11,20,30,35,40,27
21/122,2021-12-28,Tue,21,25,30,33,36,49,3
21/123,2021-12-30,Thu,20,21,22,29,34,35,7
22/001,2022-01-04,Tue,2,8,12,14,20,47,36
22/002,2022-01-20,Thu,1,3,10,11,30,42,39
22/003,2022-01-27,Thu,10,18,20,29,32,33,2
22/004,2022-02-05,Sat,15,18,21,25,39,43,33
22/005,2022-02-10,Thu,6,13,17,28,35,44,5
22/006,2022-02-17,Thu,6,7,22,34,35,46,8
22/007,2022-02-24,Thu,2,9,11,12,16,24,43
22/008,2022-03-03,Thu,12,19,21,22,40,43,46
22/009,2022-03-08,Tue,1,5,23,42,46,49,11
22/010,2022-03-11,Fri,11,20,23,29,38,47,12
22/011,2022-03-15,Tue,3,10,12,28,39,48,17
22/012,2022-03-18,Fri,12,18,22,30,40,49,15
22/013,2022-03-22,Tue,6,28,32,33,40,45,1
22/014,2022-03-25,Fri,15,20,26,28,29,46,12
22/015,2022-03-29,Tue,8,18,21,35,37,38,10
22/016,2022-04-01,Fri,4,8,21,40,46,49,34
22/017,2022-04-05,Tue,9,11,12,22,29,42,3
22/018,2022-04-08,Fri,10,20,36,38,43,48,30
22/019,2022-04-12,Tue,8,11,12,20,26,30,28
22/020,2022-04-15,Fri,21,25,30,36,37,47,42
22/021,2022-04-19,Tue,12,23,28,34,39,46,44
22/022,2022-04-22,Fri,8,11,15,19,34,37,25
22/023,2022-04-26,Tue,9,23,30,32,34,40,25
22/024,2022-04-29,Fri,1,7,16,28,31,48,18
22/025,2022-05-03,Tue,3,8,11,15,18,40,41
22/026,2022-05-06,Fri,2,15,41,42,44,46,40
22/027,2022-05-10,Tue,12,14,19,39,41,48,33
22/028,2022-05-13,Fri,1,5,10,22,30,34,42
22/029,2022-05-17,Tue,4,7,29,35,40,46,17
22/030,2022-05-20,Fri,27,30,36,38,45,46,34
22/031,2022-05-24,Tue,5,7,8,17,47,49,34
22/032,2022-05-27,Fri,1,17,25,29,42,46,8
22/033,2022-05-31,Tue,2,13,35,39,43,48,9
22/034,2022-06-03,Fri,1,27,32,35,38,44,24
22/035,2022-06-07,Tue,9,16,21,35,47,48,36
22/036,2022-06-10,Fri,11,17,24,26,37,41,34
22/037,2022-06-14,Tue,7,16,21,30,34,38,41
22/038,2022-06-17,Fri,9,17,24,27,33,39,48
22/039,2022-06-21,Tue,2,15,20,30,47,48,44
22/040,2022-06-27,Mon,1,13,19,26,29,37,15
22/041,2022-07-03,Sun,19,21,23,26,37,39,13
22/042,2022-07-05,Tue,9,30,31,32,37,40,25
22/043,2022-07-08,Fri,7,10,28,30,32,36,27
22/044,2022-07-12,Tue,4,13,22,27,43,47,23
22/045,2022-07-15,Fri,19,20,25,29,46,47,35
22/046,2022-07-22,Fri,5,12,21,30,34,38,3
22/047,2022-07-26,Tue,6,14,23,31,38,48,1
22/048,2022-07-28,Thu,8,13,16,21,23,49,44
22/049,2022-07-30,Sat,21,25,34,37,41,46,14
22/050,2022-08-02,Tue,4,8,9,11,42,46,47
22/051,2022-08-04,Thu,13,24,30,35,36,39,29
22/052,2022-08-09,Tue,1,12,25,28,36,46,13
22/053,2022-08-11,Thu,7,12,22,26,43,49,5
22/054,2022-08-13,Sat,6,22,25,33,38,47,10
22/055,2022-08-16,Tue,7,20,31,35,41,47,42
22/056,2022-08-18,Thu,2,8,19,21,24,47,4
22/057,2022-08-20,Sat,8,17,19,28,31,35,46
22/058,2022-08-23,Tue,4,8,9,10,30,42,22
22/059,2022-08-25,Thu,16,19,32,33,42,46,34
22/060,2022-08-27,Sat,12,22,34,35,39,45,7
22/061,2022-08-30,Tue,7,8,9,17,24,25,20
22/062,2022-09-01,Thu,23,24,30,31,45,46,26
22/063,2022-09-03,Sat,2,8,12,19,35,45,33
22/064,2022-09-06,Tue,14,22,35,37,42,46,24
22/065,2022-09-08,Thu,8,14,15,20,41,44,3
22/066,2022-09-13,Tue,2,4,20,38,40,46,11
22/067,2022-09-15,Thu,21,23,29,30,33,49,40
22/068,2022-09-17,Sat,5,17,22,24,34,38,13
22/069,2022-09-20,Tue,4,7,14,18,27,31,48
22/070,2022-09-22,Thu,8,11,31,32,33,36,46
22/071,2022-09-24,Sat,4,6,10,27,29,46,17
22/072,2022-09-27,Tue,2,18,29,30,32,47,46
22/073,2022-09-29,Thu,6,8,18,36,37,44,30
22/074,2022-10-02,Sun,1,7,11,24,27,38,17
22/075,2022-10-04,Tue,7,8,12,13,26,43,3
22/076,2022-10-06,Thu,4,11,21,28,31,47,5
22/077,2022-10-08,Sat,7,11,28,31,43,48,42
22/078,2022-10-11,Tue,1,5,10,25,36,47,23
22/079,2022-10-13,Thu,1,10,14,38,47,48,40
22/080,2022-10-15,Sat,18,21,25,28,38,44,45
22/081,2022-10-18,Tue,7,25,26,39,44,45,46
22/082,2022-10-20,Thu,20,24,27,31,32,49,36
22/083,2022-10-22,Sat,12,15,16,42,44,45,4
22/084,2022-10-25,Tue,27,28,30,34,35,48,11
22/085,2022-10-29,Sat,4,5,12,15,28,29,20
22/086,2022-11-01,Tue,2,12,14,32,41,46,20
22/087,2022-11-03,Thu,10,13,19,21,27,49,35
22/088,2022-11-05,Sat,7,11,22,23,28,32,29
22/089,2022-11-08,Tue,10,20,27,32,38,46,4
22/090,2022-11-10,Thu,11,12,14,18,29,30,31
22/091,2022-11-13,Sun,5,12,18,19,26,33,46
22/092,2022-11-15,Tue,17,18,32,38,44,49,19
22/093,2022-11-17,Thu,1,9,27,32,33,35,45
22/094,2022-11-19,Sat,6,11,27,39,46,47,15
22/095,2022-11-22,Tue,6,10,11,13,32,46,39
22/096,2022-11-24,Thu,3,12,14,19,25,28,11
22/097,2022-11-26,Sat,14,25,28,29,43,44,10
22/098,2022-11-29,Tue,12,18,22,28,31,40,7
22/099,2022-12-01,Thu,14,18,27,32,39,42,43
22/100,2022-12-03,Sat,2,15,31,34,38,41,21
22/101,2022-12-06,Tue,6,11,17,30,44,46,5
22/102,2022-12-08,Thu,17,19,35,39,44,46,21
22/103,2022-12-10,Sat,6,12,20,25,39,49,7
22/104,2022-12-13,Tue,12,38,39,40,45,49,10
22/105,2022-12-15,Thu,5,7,18,26,31,45,30
22/106,2022-12-17,Sat,6,14,15,26,35,40,8
22/107,2022-12-20,Tue,28,36,37,38,41,45,42
22/108,2022-12-22,Thu,16,18,19,33,41,46,37
22/109,2022-12-25,Sun,2,7,11,14,18,39,29
22/110,2022-12-27,Tue,5,13,18,32,39,45,44
22/111,2022-12-29,Thu,1,2,21,33,41,45,4
23/001,2023-01-03,Tue,7,20,25,27,35,43,1
23/002,2023-01-05,Thu,5,9,19,34,36,49,23
23/003,2023-01-07,Sat,10,31,33,34,43,49,40
23/004,2023-01-10,Tue,2,21,24,29,35,47,18
23/005,2023-01-12,Thu,6,22,26,27,40,45,13
23/006,2023-01-14,Sat,3,5,16,26,35,38,9
23/007,2023-01-17,Tue,10,15,29,34,38,47,18
23/008,2023-01-19,Thu,17,25,27,29,36,49,23
23/009,2023-01-26,Thu,2,3,23,31,32,43,40
23/010,2023-01-28,Sat,2,12,16,38,45,46,14
23/011,2023-02-02,Thu,2,8,23,33,34,35,43
23/012,2023-02-04,Sat,14,18,25,29,31,42,6
23/013,2023-02-07,Tue,4,11,13,14,30,37,20
23/014,2023-02-09,Thu,1,9,13,27,29,40,20
23/015,2023-02-11,Sat,13,18,22,29,34,41,23
23/016,2023-02-14,Tue,3,13,19,32,33,39,24
23/017,2023-02-16,Thu,8,9,13,22,38,39,11
23/018,2023-02-18,Sat,4,12,20,28,34,49,43
23/019,2023-02-21,Tue,8,19,29,30,33,41,4
23/020,2023-02-23,Thu,8,16,32,42,47,48,35
23/021,2023-02-25,Sat,14,25,27,28,44,47,4
23/022,2023-02-28,Tue,8,13,29,33,40,42,3
23/023,2023-03-02,Thu,14,17,19,32,39,46,36
23/024,2023-03-04,Sat,1,9,15,26,42,44,25
23/025,2023-03-07,Tue,4,11,12,26,37,40,7
23/026,2023-03-09,Thu,1,4,7,14,31,37,11
23/027,2023-03-12,Sun,11,12,13,20,35,43,44
23/028,2023-03-14,Tue,1,2,10,12,18,37,43
23/029,2023-03-16,Thu,18,21,28,30,34,40,14
23/030,2023-03-18,Sat,4,7,17,34,42,48,3
23/031,2023-03-21,Tue,8,13,18,30,33,41,20
23/032,2023-03-23,Thu,5,14,17,20,22,32,33
23/033,2023-03-25,Sat,11,15,18,26,31,37,10
23/034,2023-03-28,Tue,9,10,16,41,44,46,39
23/035,2023-03-30,Thu,1,8,12,36,42,47,40
23/036,2023-04-01,Sat,8,9,12,19,21,40,24
23/037,2023-04-04,Tue,15,19,20,24,36,47,4
23/038,2023-04-08,Sat,1,13,17,18,33,36,22
23/039,2023-04-11,Tue,12,23,29,40,42,43,20
23/040,2023-04-13,Thu,9,14,15,32,36,48,25
23/041,2023-04-16,Sun,10,12,18,20,23,36,6
23/042,2023-04-18,Tue,20,23,27,28,30,46,29
23/043,2023-04-20,Thu,1,20,24,28,38,46,40
23/044,2023-04-22,Sat,2,6,7,9,17,19,26
23/045,2023-04-25,Tue,20,26,38,43,46,47,35
23/046,2023-04-27,Thu,8,12,21,43,44,49,27
23/047,2023-04-29,Sat,7,8,17,19,27,40,2
23/048,2023-05-02,Tue,4,10,20,32,38,49,7
23/049,2023-05-04,Thu,2,10,28,37,47,49,7
23/050,2023-05-06,Sat,1,5,14,15,21,25,31
23/051,2023-05-09,Tue,7,10,22,25,32,35,27
23/052,2023-05-11,Thu,17,18,28,30,32,33,1
23/053,2023-05-14,Sun,1,4,9,35,37,48,43
23/054,2023-05-16,Tue,2,18,27,31,32,46,44
23/055,2023-05-18,Thu,5,6,12,16,41,47,7
23/056,2023-05-20,Sat,1,19,22,26,46,47,39
23/057,2023-05-23,Tue,4,14,15,37,41,49,38
23/058,2023-05-25,Thu,3,14,18,26,40,43,15
23/059,2023-05-27,Sat,11,20,21,22,27,32,12
23/060,2023-05-30,Tue,3,9,15,30,32,41,26
23/061,2023-06-01,Thu,14,30,32,42,45,47,4
23/062,2023-06-03,Sat,2,16,24,25,47,48,40
23/063,2023-06-06,Tue,6,12,34,42,45,48,2
23/064,2023-06-08,Thu,4,22,24,28,45,46,7
23/065,2023-06-11,Sun,14,16,18,22,30,47,11
23/066,2023-06-13,Tue,14,16,22,26,36,42,19
23/067,2023-06-15,Thu,5,13,17,20,33,38,14
23/068,2023-06-17,Sat,18,22,31,35,44,48,6
23/069,2023-06-20,Tue,8,18,31,34,35,47,39
23/070,2023-06-22,Thu,14,15,24,30,37,39,26
23/071,2023-06-24,Sat,1,11,14,16,26,36,39
23/072,2023-06-27,Tue,7,10,16,18,29,45,1
23/073,2023-06-29,Thu,6,10,18,21,22,33,4
23/074,2023-07-02,Sun,3,6,25,29,35,42,36
23/075,2023-07-04,Tue,5,15,20,29,32,37,18
23/076,2023-07-08,Sat,1,11,22,26,38,39,27
23/077,2023-07-11,Tue,7,19,22,27,40,47,13
23/078,2023-07-13,Thu,3,8,11,23,36,38,33
23/079,2023-07-15,Sat,4,9,12,33,37,42,3
23/080,2023-07-18,Tue,15,16,34,36,39,40,42
23/081,2023-07-20,Thu,4,16,18,34,35,46,47
23/082,2023-07-25,Tue,1,2,10,13,29,47,9
23/083,2023-07-27,Thu,13,15,17,18,20,43,39
23/084,2023-07-29,Sat,13,23,26,40,41,43,14
23/085,2023-08-01,Tue,2,7,25,28,31,35,11
23/086,2023-08-03,Thu,3,14,23,30,33,44,21
23/087,2023-08-05,Sat,2,8,24,39,41,44,40
23/088,2023-08-08,Tue,4,7,18,28,30,40,29
23/089,2023-08-10,Thu,2,3,4,13,18,42,12
23/090,2023-08-12,Sat,3,12,13,17,24,36,16
23/091,2023-08-15,Tue,4,12,17,37,38,39,41
23/092,2023-08-17,Thu,3,9,15,18,21,37,42
23/093,2023-08-19,Sat,8,14,18,20,23,25,44
23/094,2023-08-22,Tue,1,5,7,12,48,49,16
23/095,2023-08-24,Thu,6,18,29,31,44,46,8
23/096,2023-08-26,Sat,16,26,31,35,39,46,3
23/097,2023-08-29,Tue,3,6,7,33,36,46,4
23/098,2023-08-31,Thu,10,15,17,21,40,44,12
23/099,2023-09-03,Sun,15,20,25,39,45,48,28
23/100,2023-09-05,Tue,2,5,20,24,27,32,12
23/101,2023-09-07,Thu,20,22,24,25,29,49,36
23/102,2023-09-09,Sat,4,6,19,32,39,42,34
23/103,2023-09-12,Tue,4,10,12,16,30,32,14
23/104,2023-09-14,Thu,17,27,30,31,32,38,11
23/105,2023-09-16,Sat,10,24,34,40,41,45,35
23/106,2023-09-19,Tue,8,9,10,27,35,38,46
23/107,2023-09-21,Thu,1,10,22,28,33,46,37
23/108,2023-09-23,Sat,3,27,28,35,44,46,12
23/109,2023-09-28,Thu,9,12,30,31,45,48,46
23/110,2023-09-30,Sat,6,8,11,26,35,47,1
23/111,2023-10-03,Tue,8,16,32,39,40,43,29
23/112,2023-10-05,Thu,2,11,20,29,41,49,45
23/113,2023-10-07,Sat,4,9,12,36,43,47,26
23/114,2023-10-10,Tue,1,12,22,23,34,39,30
23/115,2023-10-12,Thu,2,13,23,28,30,31,3
23/116,2023-10-14,Sat,1,29,31,42,47,48,40
23/117,2023-10-17,Tue,8,18,24,34,41,42,31
23/118,2023-10-19,Thu,1,13,18,32,34,49,44
23/119,2023-10-21,Sat,6,8,12,31,32,46,4
23/120,2023-10-24,Tue,19,20,29,45,48,49,8
23/121,2023-10-26,Thu,11,16,27,32,33,37,24
23/122,2023-10-31,Tue,4,33,35,36,41,49,1
23/123,2023-11-02,Thu,3,14,32,37,43,47,26
23/124,2023-11-04,Sat,2,13,16,28,40,44,46
23/125,2023-11-07,Tue,7,16,26,31,47,49,44
23/126,2023-11-09,Thu,1,4,18,25,30,49,15
23/127,2023-11-12,Sun,19,26,32,34,37,44,11
23/128,2023-11-14,Tue,2,15,27,36,37,48,23
23/129,2023-11-16,Thu,3,5,8,16,26,33,24
23/130,2023-11-18,Sat,6,25,29,30,34,35,20
23/131,2023-11-21,Tue,9,11,15,17,19,44,7
23/132,2023-11-23,Thu,11,16,24,27,28,32,48
23/133,2023-11-25,Sat,2,8,12,28,34,47,7
23/134,2023-11-28,Tue,3,14,20,30,38,42,13
23/135,2023-11-30,Thu,7,12,32,34,36,39,5
23/136,2023-12-02,Sat,3,17,30,36,38,45,8
23/137,2023-12-05,Tue,9,16,23,38,39,41,19
23/138,2023-12-07,Thu,27,28,37,38,43,45,40
23/139,2023-12-09,Sat,2,3,4,31,46,49,34
23/140,2023-12-12,Tue,3,10,20,24,27,42,45
23/141,2023-12-14,Thu,3,4,11,37,44,48,36
23/142,2023-12-19,Tue,4,9,13,33,35,46,6
23/143,2023-12-21,Thu,1,10,12,33,46,49,32
23/144,2023-12-24,Sun,2,8,16,19,37,49,20
23/145,2023-12-28,Thu,11,18,27,29,34,45,28
23/146,2023-12-30,Sat,5,8,19,25,41,48,24
24/001,2024-01-03,Wed,2,3,19,34,37,46,32
24/002,2024-01-06,Sat,1,4,24,31,33,34,2
24/003,2024-01-09,Tue,3,9,16,19,33,35,39
24/004,2024-01-11,Thu,3,6,8,26,29,38,1
24/005,2024-01-14,Sun,3,17,18,36,38,39,21
24/006,2024-01-16,Tue,1,6,8,27,41,47,29
24/007,2024-01-18,Thu,2,10,17,46,47,49,3
24/008,2024-01-20,Sat,3,25,31,40,43,48,45
24/009,2024-01-23,Tue,2,6,7,14,30,43,15
24/010,2024-01-25,Thu,2,5,15,32,45,49,19
24/011,2024-01-27,Sat,1,8,13,19,34,47,12
24/012,2024-01-30,Tue,8,20,21,29,30,49,32
24/013,2024-02-01,Thu,4,12,15,23,24,31,43
24/014,2024-02-03,Sat,3,7,21,32,36,47,23
24/015,2024-02-06,Tue,15,18,19,38,41,49,22
24/016,2024-02-08,Thu,5,7,9,20,22,25,13
24/017,2024-02-14,Wed,10,12,13,24,25,48,15
24/018,2024-02-17,Sat,9,23,26,27,36,41,24
24/019,2024-02-20,Tue,10,26,27,29,30,45,37
24/020,2024-02-22,Thu,22,25,33,34,35,39,5
24/021,2024-02-24,Sat,2,7,24,29,30,36,6
24/022,2024-02-27,Tue,3,11,12,22,24,26,21
24/023,2024-02-29,Thu,5,13,16,36,39,41,38
24/024,2024-03-02,Sat,7,23,31,35,43,46,10
24/025,2024-03-05,Tue,11,24,34,36,39,42,38
24/026,2024-03-07,Thu,5,22,30,31,32,39,44
24/027,2024-03-09,Sat,4,5,8,21,32,42,45
24/028,2024-03-12,Tue,13,16,18,24,32,43,44
24/029,2024-03-14,Thu,6,23,24,31,34,49,1
24/030,2024-03-17,Sun,1,8,13,23,40,44,15
24/031,2024-03-19,Tue,7,8,29,30,36,48,28
24/032,2024-03-21,Thu,6,19,20,34,39,42,44
24/033,2024-03-23,Sat,11,18,24,35,42,46,3
24/034,2024-03-26,Tue,6,11,12,18,24,42,38
24/035,2024-03-28,Thu,2,9,15,20,39,48,43
24/036,2024-03-30,Sat,2,6,18,22,36,39,21
24/037,2024-04-02,Tue,16,25,31,42,43,44,7
24/038,2024-04-04,Thu,4,8,12,22,24,26,1
24/039,2024-04-06,Sat,15,16,17,30,34,35,25
24/040,2024-04-09,Tue,13,20,29,30,34,48,3
24/041,2024-04-11,Thu,2,7,9,13,33,35,49
24/042,2024-04-13,Sat,6,10,12,14,17,41,47
24/043,2024-04-16,Tue,12,14,17,18,23,44,27
24/044,2024-04-18,Thu,17,25,26,30,38,48,28
24/045,2024-04-21,Sun,7,8,10,12,17,27,25
24/046,2024-04-23,Tue,5,6,16,27,37,47,24
24/047,2024-04-25,Thu,3,17,25,32,36,38,46
24/048,2024-04-27,Sat,9,18,28,40,47,48,23
24/049,2024-04-30,Tue,11,12,28,35,37,39,30
24/050,2024-05-02,Thu,6,18,21,39,42,46,17
24/051,2024-05-04,Sat,1,3,7,21,28,30,45
24/052,2024-05-07,Tue,8,19,27,30,36,42,2
24/053,2024-05-09,Thu,5,14,15,18,23,48,13
24/054,2024-05-12,Sun,3,9,25,30,36,41,19
24/055,2024-05-14,Tue,14,37,38,41,45,49,5
24/056,2024-05-16,Thu,21,32,40,43,44,49,1
24/057,2024-05-18,Sat,8,17,19,27,33,45,37
24/058,2024-05-21,Tue,2,3,4,15,37,40,8
24/059,2024-05-23,Thu,5,9,18,21,36,40,13
24/060,2024-05-25,Sat,7,26,30,37,46,49,25
24/061,2024-05-28,Tue,33,37,38,43,44,46,32
24/062,2024-05-30,Thu,1,24,25,27,30,32,13
24/063,2024-06-01,Sat,6,18,28,33,36,48,11
24/064,2024-06-04,Tue,6,11,19,21,27,43,44
24/065,2024-06-09,Sun,6,9,12,17,19,42,13
24/066,2024-06-13,Thu,1,5,15,19,25,39,46
24/067,2024-06-16,Sun,3,7,13,17,21,49,4
24/068,2024-06-18,Tue,9,16,31,33,38,48,23
24/069,2024-06-20,Thu,14,21,26,27,42,46,45
24/070,2024-06-22,Sat,18,25,28,34,42,49,14
24/071,2024-06-25,Tue,21,30,34,40,48,49,16
24/072,2024-06-27,Thu,2,17,24,30,32,40,16
24/073,2024-06-29,Sat,7,21,29,30,36,46,42
24/074,2024-07-02,Tue,5,8,15,21,27,37,2
24/075,2024-07-07,Sun,1,2,17,27,34,41,22
24/076,2024-07-09,Tue,18,25,30,35,36,40,44
24/077,2024-07-11,Thu,8,20,29,33,34,44,12
24/078,2024-07-13,Sat,17,21,24,27,29,48,8
24/079,2024-07-16,Tue,11,13,17,34,40,47,21
24/080,2024-07-18,Thu,11,12,18,28,29,30,39
24/081,2024-07-20,Sat,17,18,31,33,39,41,14
24/082,2024-07-23,Tue,12,13,24,25,27,34,4
24/083,2024-07-25,Thu,3,16,18,26,43,45,9
24/084,2024-07-30,Tue,6,7,17,20,21,25,26
24/085,2024-08-01,Thu,2,9,16,39,43,46,20
24/086,2024-08-03,Sat,5,6,8,22,26,44,40
24/087,2024-08-06,Tue,3,4,7,13,27,41,38
24/088,2024-08-08,Thu,3,6,7,8,11,29,49
24/089,2024-08-10,Sat,8,12,21,35,44,45,2
24/090,2024-08-13,Tue,7,9,20,21,30,35,26
24/091,2024-08-15,Thu,3,16,33,35,39,44,8
24/092,2024-08-17,Sat,6,13,19,21,26,28,9
24/093,2024-08-20,Tue,1,4,16,26,39,49,7
24/094,2024-08-22,Thu,8,9,16,21,32,33,34
24/095,2024-08-24,Sat,9,15,19,28,31,41,42
24/096,2024-08-27,Tue,2,15,23,33,34,39,19
24/097,2024-08-29,Thu,6,7,18,24,28,29,1
24/098,2024-08-31,Sat,2,21,34,36,41,47,31
24/099,2024-09-03,Tue,2,3,7,25,46,48,13
24/100,2024-09-07,Sat,5,24,26,32,35,40,16
24/101,2024-09-10,Tue,1,12,16,20,21,30,27
24/102,2024-09-12,Thu,14,18,20,25,32,43,45
24/103,2024-09-17,Tue,5,18,21,24,27,44,10
24/104,2024-09-19,Thu,5,18,21,24,44,47,20
24/105,2024-09-21,Sat,2,3,14,25,27,36,45
24/106,2024-09-24,Tue,9,17,28,31,40,49,25
24/107,2024-09-26,Thu,2,4,29,35,38,49,14
24/108,2024-10-02,Wed,8,15,21,32,43,47,41
24/109,2024-10-08,Tue,10,16,24,32,37,40,19
24/110,2024-10-10,Thu,10,33,35,40,44,48,6
24/111,2024-10-12,Sat,4,8,9,19,20,48,21
24/112,2024-10-15,Tue,19,36,37,43,44,49,8
24/113,2024-10-17,Thu,11,17,22,26,33,46,35
24/114,2024-10-22,Tue,13,21,28,30,41,49,3
24/115,2024-10-28,Mon,5,6,13,15,36,49,23
24/116,2024-10-31,Thu,7,13,16,22,23,31,6
24/117,2024-11-02,Sat,14,16,25,40,41,45,27
24/118,2024-11-05,Tue,7,11,13,24,27,31,35
24/119,2024-11-07,Thu,11,17,33,36,40,44,2
24/120,2024-11-10,Sun,3,20,24,27,30,42,17
24/121,2024-11-12,Tue,5,13,22,27,45,46,7
24/122,2024-11-14,Thu,8,14,20,28,36,39,30
24/123,2024-11-16,Sat,1,3,7,19,31,38,23
24/124,2024-11-19,Tue,19,32,36,38,39,47,29
24/125,2024-11-21,Thu,1,3,6,14,32,34,12
24/126,2024-11-23,Sat,1,2,7,14,15,25,35
24/127,2024-11-26,Tue,8,11,12,28,29,44,34
24/128,2024-11-28,Thu,9,15,26,32,33,44,1
24/129,2024-11-30,Sat,10,14,23,24,33,41,38
24/130,2024-12-03,Tue,2,13,15,17,22,28,23
24/131,2024-12-05,Thu,5,12,27,29,38,40,22
24/132,2024-12-07,Sat,1,15,18,33,34,39,22
24/133,2024-12-10,Tue,3,18,24,33,43,44,4
24/134,2024-12-12,Thu,10,14,16,21,37,49,22
24/135,2024-12-14,Sat,1,16,18,36,37,46,38
24/136,2024-12-17,Tue,9,11,23,26,30,48,28
24/137,2024-12-19,Thu,1,2,3,36,37,41,10
24/138,2024-12-21,Sat,14,20,21,22,23,30,18
24/139,2024-12-24,Tue,8,11,18,23,25,41,45
24/140,2024-12-28,Sat,1,3,5,18,26,35,14
25/001,2025-01-02,Thu,9,23,42,44,45,46,22
25/002,2025-01-07,Tue,8,13,18,23,31,47,16
25/003,2025-01-09,Thu,1,19,28,33,35,41,11
25/004,2025-01-11,Sat,8,15,26,27,30,35,2
25/005,2025-01-14,Tue,3,5,11,12,18,48,6
25/006,2025-01-16,Thu,1,3,4,19,38,45,39
25/007,2025-01-18,Sat,3,4,6,12,18,32,28
25/008,2025-01-21,Tue,16,22,33,43,48,49,8
25/009,2025-01-23,Thu,3,6,24,25,34,37,45
25/010,2025-01-25,Sat,7,14,19,31,36,45,24
25/011,2025-02-02,Sun,14,18,30,36,40,42,1
25/012,2025-02-04,Tue,3,13,15,18,19,24,37
25/013,2025-02-06,Thu,1,4,18,25,38,45,23
25/014,2025-02-08,Sat,1,7,21,27,33,45,17
25/015,2025-02-11,Tue,5,15,20,26,30,40,39
25/016,2025-02-13,Thu,5,26,29,32,42,45,36
25/017,2025-02-15,Sat,1,8,21,25,29,34,4
25/018,2025-02-18,Tue,3,7,13,35,37,39,23
25/019,2025-02-20,Thu,13,20,22,27,41,44,36
25/020,2025-02-22,Sat,14,15,20,27,41,44,33
25/021,2025-02-25,Tue,1,2,6,11,40,47,32
25/022,2025-02-27,Thu,7,11,15,17,25,28,9
25/023,2025-03-01,Sat,4,15,22,25,29,42,1
25/024,2025-03-04,Tue,1,9,14,38,42,43,23
25/025,2025-03-06,Thu,4,11,19,20,30,39,45
25/026,2025-03-08,Sat,19,25,26,29,32,39,4
25/027,2025-03-11,Tue,1,4,9,14,21,37,45
25/028,2025-03-13,Thu,4,16,19,21,26,29,13
25/029,2025-03-16,Sun,29,30,36,41,48,49,14
25/030,2025-03-18,Tue,6,8,24,26,29,45,39
25/031,2025-03-20,Thu,16,20,21,24,39,43,34
25/032,2025-03-22,Sat,12,23,24,27,36,46,43
25/033,2025-03-25,Tue,8,11,17,36,43,48,25
25/034,2025-03-27,Thu,10,19,35,44,47,49,15
25/035,2025-03-29,Sat,3,5,12,13,45,47,46
25/036,2025-04-01,Tue,6,14,17,30,35,42,49
25/037,2025-04-03,Thu,2,4,7,29,32,40,44
25/038,2025-04-05,Sat,7,11,22,26,39,44,8
25/039,2025-04-08,Tue,11,17,20,27,36,48,21
25/040,2025-04-10,Thu,11,22,23,26,32,35,2
25/041,2025-04-12,Sat,19,21,34,36,47,49,14
25/042,2025-04-15,Tue,10,20,21,22,23,42,49
25/043,2025-04-19,Sat,1,11,24,37,45,49,22
25/044,2025-04-22,Tue,3,7,11,20,23,27,29
25/045,2025-04-24,Thu,12,16,21,35,44,48,32
25/046,2025-04-26,Sat,11,15,18,21,29,40,8
25/047,2025-04-29,Tue,20,21,24,30,32,38,47
25/048,2025-05-01,Thu,4,7,21,32,41,47,28
25/049,2025-05-03,Sat,18,20,30,35,47,49,44
25/050,2025-05-06,Tue,12,15,25,26,29,41,42
25/051,2025-05-08,Thu,6,11,17,22,27,43,24
25/052,2025-05-11,Sun,19,26,28,29,46,49,32
25/053,2025-05-13,Tue,13,26,27,41,45,49,46
25/054,2025-05-15,Thu,6,12,29,32,34,46,16
25/055,2025-05-17,Sat,12,22,27,29,32,34,9
25/056,2025-05-20,Tue,10,15,28,31,34,40,48
25/057,2025-05-22,Thu,4,11,26,29,34,35,18
25/058,2025-05-24,Sat,6,14,15,19,45,47,17
25/059,2025-05-29,Thu,5,6,16,21,24,35,33
25/060,2025-06-01,Sun,12,16,28,29,38,47,26
25/061,2025-06-03,Tue,1,2,13,15,41,46,27
25/062,2025-06-05,Thu,18,22,24,33,39,44,3
25/063,2025-06-07,Sat,9,15,27,30,34,39,19
25/064,2025-06-10,Tue,9,13,35,40,45,46,26
25/065,2025-06-12,Thu,6,25,32,36,39,45,13
25/066,2025-06-17,Tue,5,19,30,40,44,45,26
25/067,2025-06-19,Thu,7,12,13,18,34,35,6
25/068,2025-06-21,Sat,2,4,19,27,31,39,13
25/069,2025-06-24,Tue,3,21,28,33,45,49,29
25/070,2025-06-26,Thu,9,11,23,24,29,49,30
25/071,2025-06-29,Sun,19,29,32,34,42,46,20
25/072,2025-07-03,Thu,7,17,24,35,37,45,30
25/073,2025-07-06,Sun,5,9,22,33,46,47,36
25/074,2025-07-08,Tue,13,16,17,22,23,35,41
25/075,2025-07-10,Thu,6,13,23,25,32,39,34
25/076,2025-07-12,Sat,5,17,20,24,27,35,38
25/077,2025-07-15,Tue,9,12,23,30,31,44,5
25/078,2025-07-17,Thu,12,19,31,37,42,45,15
25/079,2025-07-19,Sat,6,25,29,40,48,49,42
25/080,2025-07-21,Mon,17,20,28,31,35,48,32
25/081,2025-07-26,Sat,19,22,25,32,33,45,36
25/082,2025-07-29,Tue,9,11,17,28,35,43,42
25/083,2025-07-31,Thu,10,21,23,27,35,47,39
25/084,2025-08-02,Sat,10,14,18,21,34,44,24
25/085,2025-08-07,Thu,3,7,25,29,37,39,8
25/086,2025-08-09,Sat,25,36,44,45,48,49,13
25/087,2025-08-12,Tue,8,16,18,28,29,32,20
25/088,2025-08-14,Thu,1,13,25,27,31,34,33
25/089,2025-08-16,Sat,4,10,15,20,32,38,26
25/090,2025-08-19,Tue,28,32,34,37,45,49,7
25/091,2025-08-21,Thu,6,8,10,23,32,45,3
25/092,2025-08-23,Sat,17,22,26,36,39,45,14
25/093,2025-08-26,Tue,2,3,16,25,38,48,6
25/094,2025-08-28,Thu,5,36,39,44,48,49,32
25/095,2025-08-30,Sat,6,18,31,33,44,49,2
25/096,2025-09-02,Tue,5,18,23,24,29,49,11
25/097,2025-09-06,Sat,6,19,22,23,34,43,11
25/098,2025-09-09,Tue,7,15,32,40,42,44,9
25/099,2025-09-11,Thu,11,21,22,25,32,44,38
25/100,2025-09-13,Sat,15,21,23,37,47,49,30
25/101,2025-09-16,Tue,14,21,22,28,32,33,25
25/102,2025-09-18,Thu,22,33,35,36,37,48,30
25/103,2025-09-20,Sat,8,13,17,24,36,43,41
25/104,2025-09-25,Thu,2,11,22,27,46,47,32
25/105,2025-09-27,Sat,8,14,16,18,26,48,44
25/106,2025-09-30,Tue,13,21,33,41,44,46,43
25/107,2025-10-06,Mon,15,17,19,23,24,34,33
25/108,2025-10-09,Thu,1,3,24,31,39,45,7
25/109,2025-10-11,Sat,5,6,18,19,30,39,7
25/110,2025-10-14,Tue,3,15,17,24,32,44,20
25/111,2025-10-16,Thu,2,11,32,40,43,48,12
25/112,2025-10-18,Sat,5,13,17,18,31,44,2
25/113,2025-10-21,Tue,1,8,9,11,18,32,13
25/114,2025-10-23,Thu,4,19,24,25,26,46,39
25/115,2025-10-25,Sat,6,7,27,36,39,43,1
25/116,2025-10-28,Tue,4,7,15,21,45,46,24
25/117,2025-11-04,Tue,19,20,26,28,39,44,4
25/118,2025-11-06,Thu,10,17,22,33,40,41,31
25/119,2025-11-08,Sat,7,9,16,17,33,46,49
25/120,2025-11-11,Tue,18,20,28,37,38,40,41
25/121,2025-11-13,Thu,10,11,28,30,37,39,15
25/122,2025-11-16,Sun,2,11,13,28,38,47,7
25/123,2025-11-18,Tue,2,4,10,26,28,36,23
25/124,2025-11-20,Thu,19,26,33,35,36,39,5
25/125,2025-11-25,Tue,1,2,17,35,37,48,8
25/126,2025-12-02,Tue,6,18,29,34,37,38,39
25/127,2025-12-06,Sat,4,6,26,28,34,40,25
25/128,2025-12-11,Thu,1,5,6,25,30,42,43
25/129,2025-12-13,Sat,10,17,19,28,45,49,1
25/130,2025-12-16,Tue,3,12,23,28,35,38,24
25/131,2025-12-18,Thu,6,23,28,31,33,34,11
25/132,2025-12-21,Sun,9,17,27,34,39,47,46
25/133,2025-12-25,Thu,1,2,4,30,41,43,13
25/134,2025-12-28,Sun,7,10,11,19,25,30,45
26/001,2026-01-03,Sat,2,10,13,16,20,21,14
26/002,2026-01-06,Tue,2,8,12,19,28,36,1
26/003,2026-01-08,Thu,15,21,24,40,45,46,13
26/004,2026-01-10,Sat,3,16,20,22,24,37,42
26/005,2026-01-13,Tue,14,24,34,38,48,49,27
26/006,2026-01-15,Thu,3,6,37,38,39,44,48
26/007,2026-01-17,Sat,5,12,15,23,27,42,46
26/008,2026-01-20,Tue,1,4,6,9,44,46,27
26/009,2026-01-22,Thu,4,9,15,24,27,31,45
26/010,2026-01-24,Sat,6,16,17,22,28,48,45
26/011,2026-01-27,Tue,7,12,14,25,38,47,15
26/012,2026-01-29,Thu,6,9,12,14,35,44,11
26/013,2026-01-31,Sat,25,30,32,35,36,47,46
26/014,2026-02-03,Tue,12,23,27,37,39,42,5
26/015,2026-02-05,Thu,1,9,17,24,35,36,42
26/016,2026-02-07,Sat,12,22,28,32,37,44,20
26/017,2026-02-10,Tue,3,4,14,18,26,39,40
26/018,2026-02-12,Thu,2,3,14,25,37,46,10
26/019,2026-02-15,Sun,8,28,33,36,37,46,4
26/020,2026-02-21,Sat,2,18,34,35,37,49,33
26/021,2026-02-24,Tue,2,3,4,10,13,23,12
26/022,2026-02-26,Thu,6,13,15,19,38,42,34
26/023,2026-02-28,Sat,5,15,37,39,46,47,29
26/024,2026-03-03,Tue,6,13,20,31,32,44,45
26/025,2026-03-05,Thu,4,18,24,31,42,46,11
26/026,2026-03-07,Sat,12,15,18,22,28,37,31
26/027,2026-03-10,Tue,2,16,25,34,35,37,49
26/028,2026-03-12,Thu,7,13,14,16,26,30,34
26/029,2026-03-17,Tue,16,18,22,28,45,49,13
26/030,2026-03-19,Thu,2,6,8,33,41,45,48
26/031,2026-03-21,Sat,5,9,11,18,23,47,24
26/032,2026-03-24,Tue,6,9,22,26,44,49,7
26/033,2026-03-26,Thu,12,17,23,27,28,37,3
26/034,2026-03-28,Sat,11,21,26,27,42,45,19
26/035,2026-03-31,Tue,9,18,19,20,28,32,44
26/036,2026-04-04,Sat,20,28,32,35,40,45,43
26/037,2026-04-07,Tue,8,23,25,29,33,34,49
26/038,2026-04-09,Thu,13,16,24,43,44,45,40
26/039,2026-04-11,Sat,11,14,17,28,40,42,2
26/040,2026-04-14,Tue,8,19,22,33,44,46,18
26/041,2026-04-16,Thu,6,12,14,28,44,46,15
26/042,2026-04-18,Sat,17,20,27,32,39,46,34
26/043,2026-04-21,Tue,2,4,10,11,26,44,40
26/044,2026-04-23,Thu,12,23,37,38,45,48,8
26/045,2026-04-25,Sat,4,16,21,36,42,46,9
26/046,2026-05-02,Sat,2,3,8,28,30,48,9
26/047,2026-05-05,Tue,2,7,8,10,18,47,4
26/048,2026-05-07,Thu,6,14,20,23,28,34,49
26/049,2026-05-10,Sun,9,17,26,41,42,47,8
26/050,2026-05-12,Tue,4,16,19,22,25,47,40
26/051,2026-05-14,Thu,23,27,30,34,45,47,28
26/052,2026-05-16,Sat,11,25,28,36,41,43,22
26/053,2026-05-19,Tue,1,2,4,20,21,27,19
26/054,2026-05-21,Thu,5,7,13,15,27,31,16
26/055,2026-05-23,Sat,2,7,20,42,47,49,8
26/056,2026-05-26,Tue,10,11,18,32,34,47,33
26/057,2026-05-28,Thu,7,13,25,35,40,43,47
26/058,2026-05-30,Sat,1,12,21,39,40,41,42
26/059,2026-06-02,Tue,9,14,16,35,37,45,20
26/060,2026-06-04,Thu,4,7,15,37,43,47,44
26/061,2026-06-06,Sat,5,12,19,20,34,36,46
26/062,2026-06-09,Tue,8,11,14,26,33,40,30
26/063,2026-06-11,Thu,3,6,9,10,28,29,27
26/064,2026-06-14,Sun,10,12,17,29,32,35,1
26/065,2026-06-18,Thu,6,20,26,31,34,47,24
26/066,2026-06-20,Sat,5,7,10,15,16,41,46
26/067,2026-06-23,Tue,2,15,25,34,39,41,10
26/068,2026-06-25,Thu,12,16,19,20,28,30,29
26/069,2026-06-28,Sun,5,7,26,32,37,40,35
26/070,2026-06-30,Tue,12,14,17,18,22,40,13
26/071,2026-07-02,Thu,5,17,26,31,34,46,43
26/072,2026-07-05,Sun,3,14,19,20,31,38,44
26/073,2026-07-07,Tue,5,34,37,43,48,49,27
26/074,2026-07-09,Thu,1,7,18,21,33,38,28
26/075,2026-07-11,Sat,2,5,7,11,41,46,43
26/076,2026-07-14,Tue,10,16,19,27,31,44,17
26/077,2026-07-16,Thu,18,21,26,30,32,44,27
26/078,2026-07-21,Tue,1,6,37,41,45,47,8
26/079,2026-07-23,Thu,4,7,15,29,32,46,23
26/080,2026-07-25,Sat,5,7,12,26,31,42,11
26/081,2026-07-28,Tue,4,7,14,20,21,30,34
26/082,2026-07-30,Thu,1,2,14,17,23,35,48
26/083,2026-08-01,Sat,1,7,16,22,32,37,23
26/084,2026-08-04,Tue,4,11,13,16,31,33,38
26/085,2026-08-06,Thu,13,24,29,30,42,48,3
26/086,2026-08-08,Sat,1,3,7,31,32,49,47
26/087,2026-08-11,Tue,11,19,28,36,43,48,13
26/088,2026-08-13,Thu,21,27,35,40,47,48,23
26/089,2026-08-15,Sat,4,16,25,27,28,33,14
26/090,2026-08-18,Tue,7,8,9,14,39,41,49
26/091,2026-08-20,Thu,7,9,10,15,24,46,34
26/092,2026-08-22,Sat,7,9,12,25,34,40,29
26/093,2026-08-25,Tue,1,18,19,25,34,38,7
26/094,2026-08-27,Thu,12,17,25,31,44,45,35
26/095,2026-08-29,Sat,4,7,8,11,26,30,42
26/096,2026-09-05,Sat,9,18,26,30,33,45,28
26/097,2026-09-08,Tue,9,23,28,29,35,41,38
26/098,2026-09-10,Thu,22,23,31,32,35,45,34
26/099,2026-09-12,Sat,9,18,24,33,40,47,11
26/100,2026-09-15,Tue,2,5,6,9,29,30,19
26/101,2026-09-17,Thu,4,17,31,41,47,48,8
26/102,2026-09-19,Sat,5,8,11,14,19,31,21
26/103,2026-09-22,Tue,2,34,35,43,45,46,41
